population,area,gdp,administrative_level,airport,train_station,climate_type,travel resort,city
2183.2 万[242]（2024年末常住人口）,16410 km²[2],49843.1 亿元[242]（2024年）,直辖市,北京首都国际机场、北京大兴国际机场,北京站、北京东站、北京南站、北京西站、北京北站、北京朝阳站、大兴机场站、北京大兴站、清河站、北京城市副中心站、北京丰台站[109],暖温带半湿润半干旱季风气候[2],天安门广场、北京故宫、圆明园、颐和园、八达岭长城、明十三陵、慕田峪长城、天坛公园、周口店北京人遗址、中国房山世界地质公园、恭王府、北海公园、古北水镇、奥林匹克公园、密云水库、三里屯、大运河森林公园、新华门、百望山、居庸关长城,北京市
1364 万[266]（2024年末常住人口）,11966.45 km²,18024.32 亿元[266]（2024年）,直辖市,天津滨海国际机场,天津站、天津西站、天津南站、天津北站、滨海站、滨海西站,暖温带半湿润季风性气候,五大道、天津之眼、盘山、天津古文化街、水上公园,天津市
1124.66 万[240]（截至2024年末）,15848 km²[2]（截至2021年）,8203.4 亿元[240]（2024年）,地级市[25],石家庄正定国际机场[50],石家庄站、石家庄北站、石家庄东站等[51],暖温带大陆性季风气候[41],西柏坡[49]、隆兴寺、荣国府、嶂石岩、赵州桥,石家庄市
772.28 万（2024年常住人口）,13472 km²,10003.9 亿元（2024年）,地级市,唐山三女河机场,唐山站、唐山西站、唐山北站、唐山南站、唐海南站、曹妃甸东站、南堡北站等,暖温带半湿润大陆型季风性气候,清东陵、月坨岛、青山关、潘家口、南湖湿地、滦州古城,唐山市
311.14 万[114]（2024年）,7802 km²（陆域面积）,2128.6 亿元[105]（2024年）,地级市,秦皇岛北戴河机场,秦皇岛站、山海关站、北戴河站、秦皇岛北站、昌黎站,温带大陆性季风气候,山海关景区、北戴河、碧螺塔酒吧公园、鸽子窝公园、仙螺岛、老虎石公园、蔚蓝海岸、老龙头、沙雕海洋乐园、南戴河国际娱乐中心、西港花园、渔岛,秦皇岛市
918.21 万[92]（截至2024年末）,12066 km²,4704.3 亿元[87]（2024年）,地级市,邯郸机场,邯郸站、邯郸东站,温带大陆性季风气候,铜雀台、娲皇宫、邺城遗址、丛台、广府城、八路军一二九师司令部旧址、邯郸方特国色春秋、赵苑,邯郸市
687.78 万[156]（2024年）,12400 km²,2765.9 亿元[156]（2024年）,地级市,邢台褡裢机场,邢台东站、邢台站,温带季风气候,,邢台市
904.62 万[131]（2024年末常住人口）,22000 km²[38],4339.4 亿元[127]（2024年，不含定州）,地级市,,保定站、保定东站、保定南站、徐水站等,暖温带大陆性季风气候,中国古动物馆、直隶总督署、保定陆军军官学校、古莲花池、西大街、白石山、清西陵、淮军公所,保定市
403.26 万[101]（2024年常住人口）,36357 km²,1913.3 亿元[101]（2024年）,地级市,张家口宁远机场,张家口站、宣化北站、下花园北站、太子城站、崇礼站,温带大陆性季风气候,堡子里、大镜门、小五台山、张家口赛区、多乐美地滑雪场、崇礼冰雪旅游度假区、张家口奥林匹克颁奖广场、草原天路,张家口市
328.57 万[65]（2024年常住人口）,39511.89 km²[24],1962.6 亿元[65]（2024年）,地级市,承德普宁机场,承德站、承德南站、承德东站,温带大陆性季风气候,避暑山庄、金山岭长城、磬锤峰、塞罕坝国家森林公园、丰宁京北第一草原,承德市
722.77 万[104]（2024年末常住人口）,14304.26 km²,4722.8 亿元[97]（2024年）,地级市,,沧州站、沧州西站,暖温带大陆性季风气候,泊头清真寺、南大港湿地、东光铁佛寺、南川楼、纪晓岚文化园[98],沧州市
546.9 万（2024年末常住人口）,6429 km²,3904.6 亿元（2024年）,地级市,北京大兴国际机场[92],廊坊站、廊坊北站、廊坊西站、大兴机场站、广阳站、安次站、燕郊站、香河站、大厂站[93][120],暖温带大陆性季风气候,,廊坊市
412.99 万[75]（2024年末常住人口）,8836 km²,1971.8 亿元[70]（2024年）,地级市,和冀州通用机场建设工程,衡水站、衡水北站、衡水南站、景州站,温带季风气候,衡水湖、武强年画博物馆、冀州城,衡水市
543.50 万[107]（2022年末常住人口）,6988 km²[3],5418.87 亿元[264]（2024年）,地级市[131],太原武宿国际机场、太原尧城机场,太原站、太原南站、太原北站、太原西站等,暖温带大陆性季风气候[3],晋祠、永祚寺、天龙山石窟、晋商博物院（督军府旧址）、窦大夫祠、太原古县城、蒙山大佛、太山,太原市
305.1 万（2024年常住人口）,14176 km²[2],1802.5 亿元（2024年）,地级市,大同云冈国际机场、大同南六庄机场[208],大同站、大同南站、阳高站、阳高南站、天镇站、灵丘站等[86],温带大陆性半干旱季风气候,云冈石窟[84]、大同古城[76]、北岳恒山[57]、悬空寺[83]、大同长城[82]、大同火山群[77]、华严寺[85]、善化寺[85]、大同市博物馆[138]、平型关[139],大同市
128.48 万[57]（2024年常住人口）,4559 km²,856.2 亿元（2024年）,地级市,约140千米,阳泉站、阳泉北站、阳泉东站、平定站、河底站、娘子关站等,暖温带大陆性季风气候[1],狮脑山、娘子关、藏山、红岩岭景区、固关长城、石评梅故居、保晋文化园,阳泉市
309.76 万[75]（截至2024年末常住人口）,13955 km²,2593.4 亿元[75]（2024年）,地级市,长治王村机场,长治站、长治北站、长治东站、长治南站,暖温带半湿润大陆性季风气候,太行山大峡谷、太行水乡、灵空山、上党门、老顶山,长治市
217.18 万[173]（2023年末常住总人口）,约 9490 km²,2409.8 亿元[178]（2024年）,地级市,晋城太行山机场,晋城站、晋城北站、晋城东站,暖温带半湿润大陆性季风气候,柳氏民居、王莽岭、九女仙湖、析城山、炎帝陵、蟒河、山里泉等,晋城市
156.78 万（2024年常住人口）,10600 km²,1328.5 亿元（2024年）,地级市,朔州滋润机场,朔州站、朔州西站、朔州东站、山阴站、山阴南站、怀仁站、怀仁东站、应县站、应县西站、岱岳站、平鲁西站等（不列完整）,温带大陆性季风气候,崇福寺、应县木塔、杀虎口、广武长城、怀仁金沙滩,朔州市
3376503 人[48],16400 km²,2458.8 亿元[82]（2024年）,地级市,太原武宿国际机场[44]（三期改扩建部分位于晋中市）,晋中站、榆次站、太谷站、太谷西站、太谷东站、榆社站、榆社西站、平遥站、平遥古城站、灵石站、灵石东站、介休站、介休东站、祁县站、祁县东站、昔阳站、和顺县站、左权站等,温带季风气候,乌金山国家森林公园、榆次老城、常家庄园、乔家大院、平遥古城,晋中市
470.56 万（2023年常住人口）,14182.88 km²,2190.6 亿元（2024年）,地级市,运城盐湖国际机场、芮城新南张机场等,运城站、运城北站等,暖温带大陆性季风气候,解州关帝庙、鹳雀楼、永乐宫等,运城市
260.46 万（2024年末常住人口）,25000 km²,1343.4 亿元（2024年）,地级市,忻州五台山机场,忻州站、忻州西站、代县站、雁门关站、五寨站、岢岚站、定襄站、宁武站、神池站、繁峙站、原平站、原平西站等,温带大陆性季风气候,五台山、雁门关、忻州古城,忻州市
388.72 万[25][63]（2023年末常住人口）,20302 km²,2438.7 亿元[69]（2024年）,地级市,临汾尧都机场,临汾站、临汾西站,温带大陆性季风气候,洪洞大槐树、云丘山、华门、壶口瀑布、尧庙、晋国博物馆、丁村遗址、丁村民宅[37]、人祖山,临汾市
334.65 万[65]（2023年末常住人口）,21000 km²,2643.2 亿元[71]（2024年）,地级市,吕梁大武机场,吕梁站,温带大陆性气候,北武当山、碛口、庞泉沟、酒都杏花村,吕梁市
363.94 万（2024年末常住人口）,17200 km²[36],4107.08 亿元（2024年）,地级市[39],呼和浩特白塔国际机场、呼和浩特盛乐国际机场（新机场）[192],呼和浩特站、呼和浩特东站[41],中温带大陆性季风气候[37],昭君墓[44]、大召[35]、席力图召[43]、五塔寺[43]、内蒙古敕勒川国家草原自然公园[42],呼和浩特市
277.21 万[17][224]（2024年）,27768 km²[19],4575.1 亿元[223]（2024年）,地级市[19],包头东河机场、包头五当召机场、达茂百灵庙通用机场[109-110],包头站、包头东站等[25],半干旱、中温带大陆性季风气候[40],五当召旅游区、北方兵器城 等[26],包头市
55.73 万（2024年末常住人口）,1754 km²,595.57 亿元[53]（2024年）,地级市,乌海机场,乌海站、乌海东站、乌海南站、乌海西站、乌海北站,温带大陆性气候,胡杨岛、金沙湾生态旅游区、桌子山岩画、拉僧庙、黄河滩岛、乌海湖,乌海市
393.07 万（2024年）,90021 km²,2322.1 亿元[114]（2024年）,地级市,赤峰玉龙机场、阿鲁科尔沁机场、巴林右旗大板机场,赤峰站、赤峰南站,温带半干旱大陆性季风气候[46],贡格尔草原、达里诺尔湖、红山国家森林公园、阿斯哈图石林,赤峰市
277.68 万[45]（2024年常住人口）,59535 km²,1686.2 亿元[42]（2024年）,地级市,通辽机场、霍林郭勒霍林河机场,通辽站、通辽北站、甘旗卡站、霍林郭勒站等,温带大陆性气候,大青沟、库伦三大寺、奈曼王府、可汗山、珠日河草原,通辽市
224.02 万[122]（2024年）,87000 km²,6363.03 亿元[119]（2024年）,地级市,鄂尔多斯伊金霍洛国际机场、鄂托克前旗敖勒召其机场、乌审旗嘎鲁图机场、鄂托克旗乌兰机场[94],鄂尔多斯站、东胜西站、东胜东站、准格尔站等,温带大陆性气候[76],成吉思汗陵、响沙湾、鄂尔多斯草原、康巴什旅游区[11]、准格尔召旅游区[11]、水镜湖休闲度假旅游区[11],鄂尔多斯市
213.91 万（2024年末常住人口）,约 253000 km²,1730.67 亿元[71]（2024年）,地级市,呼伦贝尔海拉尔机场、满洲里西郊国际机场、扎兰屯成吉思汗机场等,海拉尔站、满洲里站、牙克石站、扎赉诺尔站、扎兰屯站、莫尔道嘎站等,温带季风气候、温带大陆性气候,呼伦贝尔大草原、呼伦湖、贝尔湖、满洲里国门,呼伦贝尔市
148.94 万[132]（截至2024年年末）,65139 km²[102],1242.3 亿元[131]（2024年）,地级市[11],巴彦淖尔天吉泰机场、乌拉特中旗机场[63][67],巴彦淖尔（临河西）站[66][123],中温带大陆性季风气候[15],阴山岩画[91]、黄河河套文化旅游区、乌梁素海[94]、乌兰布和沙海湖旅游区[95],巴彦淖尔市
158.07 万[89]（2024末常住人口）,54500 km²,1214.2 亿元[84]（2024年）,地级市,乌兰察布集宁机场,乌兰察布站、集宁南站,温带大陆性季风气候,辉腾锡勒草原、苏木山森林公园、岱海、乌兰哈达火山,乌兰察布市
137.22 万（2024年末）,55131 km²,807.70 亿元[87]（2024年）,盟,乌兰浩特义勒力特机场、阿尔山伊尔施机场,乌兰浩特站、白音胡硕站、阿尔山站、西哲里木站、五叉沟站、白狼站,温带季风气候,阿尔山温泉,兴安盟
111.25 万[44]（2024年末常住人口）,202600 km²[7],1235.96 亿元[56]（2024年）,盟,锡林浩特机场、二连浩特赛乌素机场、镶黄旗新宝拉格机场,锡林浩特站、正镶白旗站、桑根达来站、二连站、西乌旗站、白音华南站,温带大陆性气候[8],锡林郭勒草原、古长城遗址、立马峰、元上都遗址、忽必烈夏宫[19]、二连国门、伊林驿站博物馆、二连浩特界碑、二连浩特恐龙地质公园,锡林郭勒盟
26.93 万（2024年）,270000 km²,413.6 亿元[37]（2024年）,盟,阿拉善左旗巴彦浩特机场、阿拉善右旗巴丹吉林机场、额济纳旗桃来机场、阿拉善通古淖尔机场,额济纳站、巴彦浩特站、东风南站、巴润别立站,大陆性季风气候,阿拉善盟胡杨林旅游区,阿拉善盟
924.3 万（2024年常住人口）,12860 km²,9027.1 亿元（2024年）,地级市,沈阳桃仙国际机场,沈阳站、沈阳北站、沈阳南站、苏家屯站、沈阳西站等,温带湿润大陆性气候,沈阳故宫、清昭陵、福陵、张氏帅府、中国工业博物馆、沈阳植物园、棋盘山、中街、沈阳方特欢乐世界、辽宁省博物馆、老北市,沈阳市
754.4 万（截至2024年末常住人口）,12574 km²,9516.9 亿元（2024年）,地级市,大连周水子国际机场、长海大长山岛机场、大连金州湾国际机场（在建）[61-62],大连站、大连北站、金州站、金普站等,暖温带大陆性季风气候[142],星海广场、老虎滩、大连森林动物园、棒棰岛、金石滩国家旅游度假区、大连圣亚海洋世界、大连西郊国家森林公园、冰峪沟、广鹿岛、大连发现王国主题公园,大连市
319.2 万[82]（2024年常住人口）,9255.4 km²,2156.3 亿元（2024年）,地级市,鞍山腾鳌机场,鞍山站、鞍山西站、海城西站等,温带季风气候,鞍山市千山景区、药山、玉佛苑、汤岗子温泉、二一九公园、鞍钢集团博物馆,鞍山市
171.0 万（2024年常住人口）,11271.03 km²,1010.9 亿元（2024年）,地级市,,抚顺北站、新宾站（在建）,温带大陆性季风气候,清永陵、赫图阿拉城、红河谷漂流、抚顺雷锋纪念馆、平顶山惨案遗址纪念馆、三块石国家森林公园、抚顺煤矿博物馆、天女山森林公园,抚顺市
122.9 万（2024年常住人口）,8413.96 km²,1025.6 亿元（2024年）,地级市,29千米,本溪站、本溪新城站、南芬站、南芬北站等,温带大陆性季风气候,本溪水洞、本溪五女山、本溪关门山、本溪大峡谷、本溪枫林谷、本溪关山湖、本溪铁刹山,本溪市
206.9 万（2024年常住人口）,15289.6 km²,1007.8 亿元（2024年）,地级市,丹东浪头机场,丹东站、凤凰城站、凤城东站、东港北站、五龙背东站等,温带季风气候,鸭绿江断桥、抗美援朝纪念馆、虎山长城、大鹿岛、凤凰山、天桥沟、青山沟、大梨树、锦江山公园,丹东市
259.4 万（2024年末常住人口）,10301 km²,1353.6 亿元（2024年）,地级市,锦州锦州湾机场,锦州站、锦州南站、锦州北站、凌海南站、黑山北站等,温带季风气候,笔架山、锦州世博园、辽沈战役纪念馆、北镇青岩寺风景区、北普陀山、奉国寺、万佛堂石窟、大广济寺塔、医巫闾山风景区,锦州市
224.2 万（2024年末常住人口）,5427 km²,1560.3 亿元（2024年）,地级市,营口兰旗机场,营口东站、营口站、鲅鱼圈站、熊岳城站、大石桥站等,温带季风气候,辽河、望儿山、山海广场、西炮台、熊岳温泉、白沙湾、辽河老街等,营口市
154.1 万（2024年常住人口）,10355 km²,650.3 亿元（2024年）,地级市,,阜新南站、阜新站、清河门北站、新邱站、彰武站[63],温带大陆性季风气候,德力格尔草原风景区、海州露天矿国家矿山公园、查海遗址博物馆、十家子玛瑙特色小镇[59],阜新市
150.9 万（截至2024年末常住人口）,4735.78 km²,952.7 亿元[73]（2024年）,地级市,约60千米,辽阳站,温带季风气候,辽阳白塔、东京城、东京陵、广佑寺、核伙沟、柳壕湿地公园、龙鼎山、曹雪芹纪念馆、王尔烈纪念馆,辽阳市
137.6 万（2024年常住人口）,4062.34 km²,1413.5 亿元（2024年）,地级市,盘锦陈家通用机场,盘锦站、盘锦北站,温带季风气候,红海滩、盘锦苇海鼎翔旅游度假区、湖滨公园、辽河美术馆、辽河碑林、北旅田园·黑风关古镇,盘锦市
222.7 万（2024年末常住人口）,13000 km²,778.6 亿元（2024年）,地级市,四平勤业机场（规划中）,铁岭站、铁岭西站等,温带大陆性季风气候,莲花湖国家湿地公园、调兵山蒸汽机车博物馆、周恩来少年读书旧址、象牙山,铁岭市
275.6 万（2024年常住人口）,19699.14 km²,1153.2 亿元（2024年）,地级市,朝阳三燕机场,辽宁朝阳站、奈林皋站、北票站、巴图营站、牛河梁站、建平站、喀左站等,温带大陆性季风气候,朝阳北塔、朝阳南塔、朝阳鸟化石国家地质公园、牛河梁红山文化遗址、凤凰山、佑顺寺、燕山湖、槐树洞,朝阳市
231.8 万（2024年常住人口）,10400 km²,1004.4 亿元（2024年）,地级市,150千米,葫芦岛站、葫芦岛北站、兴城西站、兴城站、绥中站、绥中北站、东戴河站、建昌站等,北温带大陆性季风气候,九门口水上长城、觉华岛、兴城古城、灵山风景区、兴城海滨风景区、龙湾海滨、葫芦山庄,葫芦岛市
908.51 万[246]（2024年末总人口）,24744 km²,7632.19 亿元[2]（2024年）,地级市,长春龙嘉国际机场,长春站、长春西站、龙嘉站、九台站、九台南站,温带大陆性半湿润季风气候,南湖公园、长春北湖国家湿地公园、伪满皇宫博物院、净月潭国家森林公园、长影世纪城、长影旧址博物馆、长春世界雕塑园,长春市
349.48 万[213]（2024年常住人口）,27120 km²[52],1633.23 亿元（2024年）,地级市,和吉林机场,吉林站、双吉站、吉林西站、吉林北站、龙潭山站、江北站等,温带季风气候,松花湖、北大壶滑雪场、北山公园、雾凇岛、龙潭山、朱雀山、小白山、玄帝观、松花湖滑雪场、圣德泉亲水度假花园[28],吉林市
163.93 万（2024年常住人口）,10300 km²,580.58 亿元（2024年）,地级市,四平勤业机场（规划中）,四平站、四平东站,中温带湿润季风气候,大青山村文化遗址、叶赫古城遗址、昭苏城遗址、四平战役纪念馆,四平市
91.64 万（2024年常住人口）,5138.72 km²,527.69 亿元（2024年）,地级市,,辽源站、辽源东站,半湿润温带大陆性季风气候,福寿宫、寒葱顶国家森林公园、辽源魁星楼、东北沦陷时期辽源矿工墓陈列馆,辽源市
116.97 万（2024年常住人口，不含梅河口）,15698 km²[4],576.79 亿元（2024年，不含梅河口）,地级市,通化三源浦机场,通化站,北温带大陆性季风气候,五女峰国家森林公园、杨靖宇烈士陵园、高句丽文物古迹旅游景区、千叶湖风景区,通化市
88.88 万（2024年常住人口）,17505 km²,567.85 亿元（2024年）,地级市,白山长白山机场,白山市站、白山东站、江源站、江源东站、长白山西站,北温带大陆性季风气候,长白山、露水河国家森林公园、松江河国家森林公园、望天鹅风景区、四保临江纪念馆,白山市
209.00 万（2024年常住人口）,22000 km²,1002.18 亿元（2024年）,地级市,松原查干湖机场,松原站、松原北站,中温带大陆性季风气候[37],查干湖、松原市规划展览馆、乾安泥林国家地质公园、孝庄祖陵风景区、龙华寺、赛罕塔拉蒙古部落,松原市
145.06 万（2024年常住人口）,25758.73 km²,614.24 亿元（2024年）,地级市,白城长安机场,白城站,温带大陆性季风气候,向海、莫莫格自然保护区、嫩江湾国家湿地公园、查干浩特旅游度假区,白城市
188.62 万（2024年常住人口）,43329.3 km²[57],1018.10 亿元（2024年）,自治州[1],延吉朝阳川国际机场,延吉站、延吉西站、敦化站、珲春站等,温带季风气候,长白山风景区、图们江源国家森林公园、帽儿山国家森林公园、防川风景名胜区、仙景台风景名胜区、六鼎山文化旅游区、朝鲜族民俗园,延边朝鲜族自治州
933 万[371]（2022年末户籍人口）,53076.4 km²[166]（2021年）,6016.3 亿元[13][368]（2024年）,地级市[90],哈尔滨太平国际机场、哈尔滨平房机场[188][190],哈尔滨站、哈尔滨西站、哈尔滨北站、哈尔滨东站、王岗站、香坊站、新香坊北站、平房站、呼兰站、孙家站、成高子站、阿城站、阿城北站、双城北站、双城堡站、五家站、平山站、周家站、兰棱站、沈家站、康金井站等[182],中温带大陆性季风气候[14],太阳岛[246]、中央大街[316]、亚布力滑雪旅游度假区[246]、中国·哈尔滨冰雪大世界[318]、中华巴洛克[246]、龙塔[246]、哈尔滨防洪纪念塔[317]、圣·索菲亚教堂[245]、侵华日军第七三一部队罪证陈列馆[246]、伏尔加庄园[246]、哈尔滨极地馆[246]、萧红故居[246]、东北虎林园[246],哈尔滨市
509 万[46]（2023年户籍人口数）,42469 km²,1353.1 亿元[52]（2024年）,地级市,齐齐哈尔三家子机场,齐齐哈尔站、齐齐哈尔南站、富拉尔基站,大陆性季风气候,扎龙自然保护区、龙沙公园、明月岛、昂昂溪遗址、罗西亚大街,齐齐哈尔市
160.96 万（2023年末户籍人口）,22500 km²,622.6 亿元[56]（2024年）,地级市,鸡西兴凯湖机场,鸡西站、鸡西西站、滴道站、恒山站、梨树站,寒温带大陆性季风气候,兴凯湖、珍宝岛、虎头风景名胜区、神顶峰、月牙湖、乌苏里江、麒麟山、虎头要塞,鸡西市
93.5 万[13]（2023年末户籍总人口）,14684 km²,376.3 亿元[20]（2024年）,地级市,鹤岗民用机场,鹤岗站、鹤岗南站,温带大陆性季风气候,兴龙峡谷、鹤岗国家森林公园、名山岛、松鹤西湖公园风景区、细鳞河民俗风情园,鹤岗市
134.60 万[50]（2022年户籍总人口）,22500 km²[43],557.4 亿元[66]（2024年）,地级市,筹建中,双鸭山站、双鸭山西站,温带季风性气候,七星峰、青山国家森林公园、安邦河国家湿地公园、北秀公园、益寿山公园、凤林古城、雁窝岛、喀尔喀山,双鸭山市
272.7 万（2022年末）,21643 km²,2815.8 亿元[85]（2024年）,地级市,大庆萨尔图机场,大庆站、大庆西站、大庆东站等,温带季风气候,大庆石油馆、大庆博物馆、铁人王进喜纪念馆、大庆龙凤湿地、铁人广场、黑鱼湖、连环湖、珰奈湿地、大庆油田历史陈列馆,大庆市
81.0 万[63]（2024年末）,32800 km²,370.5 亿元[63]（2024年）,地级市,伊春林都机场,伊春站、伊春西站、南岔站、带岭站、乌伊岭站、五营站、汤旺河站、红星站等,大陆性季风气候,汤旺河国家公园，五营国家森林公园，南岔仙翁山、日月峡、茅兰沟,伊春市
221.3 万[40]（2024年户籍人口）,32460 km²,1007.7 亿元[40]（2024年）,地级市,佳木斯东郊国际机场、抚远东极机场、建三江湿地机场,佳木斯站、佳木斯西站等,温带大陆性季风气候,三江自然保护区、水源山公园、四丰山风景区,佳木斯市
742998 人（2022年户籍人口）,6221 km²,236.6 亿元[72]（2024年）,地级市,七台河机场,七台河站、七台河西站、勃利站等,温带季风性气候,桃山湖、石龙山国家森林公园、桃山公园、仙洞山公园、极灵寺、佛宝寺、西大圈森林公园、桃山湖国家湿地公园、七台河短道速滑冠军馆、万宝山滑雪场、七台河市博物馆,七台河市
238.1 万（2023年末户籍人口）,40600 km²,1051.4 亿元（2024年）,地级市,牡丹江海浪国际机场、绥芬河东宁机场,牡丹江站、绥芬河站、海林北站、宁安站、绥阳站、穆棱站等,温带大陆性季风气候,镜泊湖、雪乡、火山口国家森林公园、杨子荣烈士陵园、北山公园、牡丹峰国家森林公园、威虎山国家森林公园、三道关国家森林公园、东北虎林园、俄罗斯风情园,牡丹江市
150.4 万[50]（2023年末户籍人口）,68726 km²,711.4 亿元[67]（2024年）,地级市,黑河瑷珲机场、五大连池德都机场,黑河站、北安站、五大连池站、嫩江站、孙吴站、龙镇站、九三站等,寒温带大陆性季风气候,五大连池、中俄民族风情园、闯关东影视基地、锦河大峡谷、黑龙山、大黑河岛、瑷珲古城、山口湖风景区、大沾河国家森林公园、瑷珲历史陈列馆、黑河旅俄华侨纪念馆,黑河市
356 万（2023年末常住人口）,35000 km²,1244.0 亿元[60]（2024年）,地级市,选址工作正在进行中,绥化站、绥化南站（在建）,温带大陆性季风气候,金龟山庄、绥化森林植物园、林枫故居、东方红水库、绥化庙山,绥化市
378356 人[42]（2023年末户籍人口）,83000 km²[4]（辖区面积）,173.1 亿元[43]（2024年）,地区,大兴安岭鄂伦春机场、漠河古莲机场,加格达奇站、漠河站、塔河站等,温带季风气候,北极村、呼中自然保护区、雅克萨古战场、神州北极、映山红滑雪场,大兴安岭地区
2480.26 万[241]（2024年末常住人口）,6340.5 km²[38]（截至2022年）,53926.71 亿元[241]（2024年）,直辖市[36],上海虹桥国际机场、上海浦东国际机场[28],上海站、上海南站、上海虹桥站、上海松江站、上海西站[147],亚热带季风气候[36],东方明珠广播电视塔[77]、上海野生动物园[77]、上海科技馆[77]、上海中心[224]、豫园[228],上海市
957.70 万[490]（2024年末常住人口）,6587.04 km²[284],18500.81 亿元[482]（2024年）,地级市,南京禄口国际机场、南京马鞍国际机场[307][406],南京站、南京南站、南京北站（在建）[301][488],北亚热带湿润气候[9],中山陵、夫子庙、雨花台风景区、侵华日军南京大屠杀遇难同胞纪念馆[306],南京市
750.50 万（2024年末常住人口）,4627.47 km²,16263.29 亿元（2024年）,地级市,无锡硕放机场、无锡丁蜀通用机场,无锡站、无锡东站、无锡新区站、宜兴站、惠山站、江阴站,亚热带季风气候,无锡市鼋头渚景区、惠山古镇景区、无锡市灵山景区、东林书院、南禅寺,无锡市
901 万（2024年末常住人口）,11765 km²,9537.12 亿元（2024年）,地级市,徐州观音国际机场、徐州空军机场等,徐州站、徐州东站、徐州西站、徐州北站、徐州南站等,温带季风气候,云龙湖、云龙山、淮海战役烈士纪念塔园林、彭祖园、潘安湖、户部山、徐州博物馆、悬水湖、徐州龟山景区、宝莲寺、徐州汉文化景区、督公湖、金龙湖、徐州乐园、徐州方特乐园、徐州园博园、大龙湖、徐州九顶山野生动物园,徐州市
538.60 万（截至2024年末常住人口）,4385 km²,10813.59 亿元（2024年）,地级市,常州奔牛国际机场,常州站、常州北站、武进站、金坛站、戚墅堰站、溧阳站、瓦屋山站[88][97],亚热带季风气候,中国春秋淹城旅游区、环球恐龙城、茅山、天目湖、天宁寺、陈渡草堂、青果巷,常州市
1298.7 万[234]（2024年末常住人口）,8657.32 km²[2],26727.0 亿元[234]（2024年，初步核算）,地级市,苏州工业园区直升机场、苏州光福机场,苏州站、苏州北站、苏州园区站、苏州新区站、昆山南站、阳澄湖站、昆山站、花桥站、太仓站、太仓南站、张家港站、常熟站、苏州南站、盛泽站[228],亚热带季风海洋性气候[2],拙政园、狮子林、沧浪亭、留园、周庄古镇、虎丘、寒山寺、金鸡湖（等）,苏州市
775.0 万（2024年末常住人口）,8001 km²[4],12421.9 亿元（2024年）,地级市,南通兴东国际机场、南通新机场（在建）[152],南通站、南通西站、南通东站、如皋站、如皋南站、如皋西站、海门站、启东站、吕四站、海安站、如东站、栟茶站,亚热带季风气候,濠河风景区、狼山名胜风景区、啬园、南通博物苑、水绘园、南通森林野生动物园、七战七捷纪念馆、军山、光孝塔、文峰塔（等）,南通市
458.17 万（2024年末常住人口）,7615 km²,4663.13 亿元（2024年）,地级市,连云港花果山国际机场,连云港站、连云港东站、东海县站、赣榆站、灌云站、灌南站等,温带季风气候,花果山、连岛、海上云台山、孔望山、桃花涧、连云港老街等,连云港市
452.35 万（2024年末常住人口）,10030 km²,5413.02 亿元（2024年）,地级市,淮安涟水国际机场,淮安站、淮安东站、淮安南站[9],暖温带向亚热带过渡的季风气候,周恩来纪念馆、淮安方特东方欲晓、洪泽湖古堰、里运河文化长廊、五岛湖风景区、张纯如纪念馆、淮安西游乐园[10]、清晏园、明祖陵,淮安市
667.1 万（截至2024年末常住人口）,17700 km²,7779.2 亿元（2024年）,地级市,盐城南洋国际机场,盐城站、盐城大丰站,亚热带季风性气候,江苏大丰麋鹿国家级自然保护区、新四军纪念馆、大纵湖旅游景区、荷兰花海、江苏盐城湿地珍禽国家级自然保护区、盐城大洋湾旅游风景区、江苏黄海海滨国家森林公园、西溪旅游文化景区、泰山庙、九龙口[72-73],盐城市
458.68 万（2024年末常住人口）,6591 km²,7809.64 亿元（2024年）,地级市,扬州泰州国际机场、高邮机场,扬州站、扬州东站、高邮站、高邮北站、宝应站、江都站,亚热带季风性湿润气候向温带季风气候的过渡区,扬州市瘦西湖风景区、盂城驿、江苏省仪征市枣林湾生态园、大明寺、个园、何园、凤凰岛生态旅游区、东关街、史可法纪念馆（等）,扬州市
322.80 万（截至2024年末常住人口）,3840 km²,5540.01 亿元（2024年）,地级市,常州奔牛国际机场、镇江大路通用机场[131],镇江站、镇江南站、丹徒站、大港南站,亚热带季风气候,三山（金山、焦山、北固山）、南山、西津渡、茅山、宝华山、扬中园博园、圌山等,镇江市
447.40 万[91]（2024年末常住人口）,5787.98 km²,7020.95 亿元[91]（2024年）,地级市,扬州泰州国际机场[77]（非泰州市境内但由泰州市投资建设）,泰州站、姜堰站、泰州南站（在建）,亚热带季风气候,江苏姜堰溱湖国家湿地公园、凤城河风景区、梅兰芳公园、光孝寺,泰州市
498.00 万（截至2024年末常住人口）,8555 km²,4801.85 亿元（2024年）,地级市,,宿迁站、泗阳站、沭阳站、洋河站、泗洪站等,温带季风气候,洪泽湖湿地公园、三台山国家森林公园、皂河龙运城、项王故里、妈祖文化园、龙王庙行宫（等）,宿迁市
1262.4 万[166]（2024年末杭州常住人口）,16850 km²,21860 亿元[166]（2024年）,地级市[2],杭州萧山国际机场,杭州站、杭州东站、杭州南站、杭州西站等,亚热带季风气候,西湖、京杭大运河、浙江杭州西溪国家湿地公园、灵隐寺、六和塔、千岛湖风景区、良渚古城遗址,杭州市
977.7 万[223]（2024年末常住人口）,9816 km²（陆域面积）,18147.7 亿元[223]（2024年）,地级市,宁波栎社国际机场,宁波站、余姚北站、奉化站等,亚热带季风气候,天一阁、宁波市溪口－滕头旅游景区、四明山、宁波老外滩、东钱湖、天童寺、阿育王寺、保国寺,宁波市
985.2 万（截至2024年末常住人口）,12102.65 km²,9718.8 亿元（2024年）,地级市,温州龙湾国际机场,温州站、温州南站、温州北站、温州东站等[125],亚热带季风气候,雁荡山、楠溪江、百丈漈、南麂岛、江心屿、印象南塘,温州市
558.4 万（2023年末常住人口）,3915 km²,7569.53 亿元[112][127]（2024年）,地级市,嘉兴机场（建设中）,嘉兴站、嘉兴南站,亚热带季风气候,南湖、乌镇、西塘、钱江潮、南北湖、绮园,嘉兴市
346.5 万（2024年末常住人口）,5820 km²,4213.4 亿元（2024年）,地级市,,湖州站、德清站、长兴站、安吉站、湖州东站、湖州南浔站[8],亚热带季风气候,南浔古镇、太湖旅游度假区、小西街、衣裳街、莫干山、安吉云上草原、太湖龙之梦乐园,湖州市
542.9 万（2024年末常住人口）,8274.79 km²,8369 亿元（2024年）,地级市,仅25千米,绍兴站、绍兴北站、绍兴东站、皋埠站、诸暨站、上虞站、嵊州新昌站嵊州北站、新昌北站[70],亚热带季风气候,鉴湖、兰亭、沈园、禹陵、绍兴鲁迅故里,绍兴市
720.9 万（2024年末常住人口）,10942 km²,6925.52 亿元（2024年）,地级市,义乌机场,金华站、金华南站、义乌站、东阳北站、永康南站、横店站、武义北站等,亚热带季风气候,双龙洞、横店影视城、永康方岩、百杖潭、诸葛八卦村、俞源太极星象村、陈望道故居[102]、乐顺堂[103],金华市
229.9 万（2024年末常住人口）,8844 km²,2262.83 亿元（2024年）,地级市,衢州机场,衢州站，衢州西站（在建）,亚热带季风气候,江山江郎山，江山廿八都古镇，龙游石窟，烂柯山，药王山等,衢州市
117.6 万[108]（2024年末常住人口）,22200 km²（含海域面积）,2226.2 亿元[105]（2024年）,地级市,舟山普陀山国际机场,舟山站、金塘站、马岙站,亚热带季风气候,普陀山、朱家尖、桃花岛、东极岛、衢山岛、枸杞岛,舟山市
672.9 万（2024年末常住人口）,10050.43 km²[47],6656.40 亿元（2024年）,地级市,台州路桥机场,台州站、台州西站、温岭站、临海站、三门县站、天台山站[48],亚热带季风气候,天台山、神仙居、台州府城文化旅游区、长屿硐天,台州市
253.2 万[66]（截至2024年末常住人口）,17300 km²,2181.2 亿元[63]（2024年）,地级市,选址已经通过,丽水站、缙云站、青田站等,亚热带季风气候,仙都、万象山[55]、白云山、古堰画乡、九龙湿地、南明山、遂昌金矿国家矿山公园、石门洞、云和梯田景区,丽水市
1000.2 万[120]（2024年末常住人口）,11445 km²,13507.69 亿元[122]（2024年）,地级市,合肥新桥国际机场、肥东白龙机场,合肥站、合肥南站、合肥西站、合肥北城站等,亚热带季风气候,淮河路步行街、包公园、三河古镇、巢湖风景名胜区、紫蓬山、李鸿章故居、渡江战役纪念馆、骆岗公园,合肥市
379.7 万[193]（2024年常住人口）,6009.02 km²[23],5120.5 亿元[192]（2024年）,地级市[20],芜湖宣州机场[27],芜湖站、芜湖南站、芜湖北站、繁昌西站、湾沚南站、南陵站、无为站[28],亚热带湿润季风气候[25],芜湖方特旅游度假区[26]、红色山水涧风景区[26]、大浦乡村世界[26]、王稼祥纪念园[26]、鸠兹风景区[26]、赭山公园[26],芜湖市
326.2 万[73]（2024年末常住人口）,5951 km²,2313 亿元[71]（2024年）,地级市,蚌埠滕湖机场,蚌埠站、蚌埠南站,温带季风气候、亚热带季风气候,,蚌埠市
301.9 万[71]（2024年底常住人口）,5650 km²,1716.0 亿元[68]（2024年）,地级市,S1线寿县段项目开工,淮南站、淮南东站、淮南南站、凤台南站、寿县站,亚热带季风气候,八公山，上窑山，舜耕山，龙湖公园，茅仙洞，安丰塘，寿县古城,淮南市
220.1 万[82]（2024年末常住人口）,404913.15 公顷,2784.65 亿元[95]（2024年）,地级市,仅30千米,马鞍山站，马鞍山东站，当涂东站，含山南站，含山站[24]（等）,亚热带季风气候,褒禅山、采石矶、乌江镇、雨山湖、鸡笼山、濮塘自然风景区、太湖山国家森林公园（等）,马鞍山市
193.2 万[46]（2024年末常住人口）,2741 km²,1405.9 亿元[56]（2024年）,地级市,约90千米,淮北站、淮北北站、淮北西站、双堆集站,暖温带湿润季风气候,相山公园、南湖、龙脊山、临涣古镇、华家湖、双堆烈士陵园等,淮北市
130.2 万（2024年常住人口）,2991.87 km²,1325.5 亿元（2024年）,地级市,和,铜陵站、铜陵北站,北亚热带季风气候,天井湖、铜陵西湖城市湿地公园、铜陵市博物馆、铜官山1978文创园、凤凰山、犁桥水镇、永泉旅游度假区、铜陵淡水豚国家级自然保护区、大通古镇、浮山、旗山汉武文化生态园,铜陵市
409.8 万（截至2024年末常住人口）,13590 km²,3156 亿元（2024年）,地级市,安庆天柱山机场,安庆站、安庆西站,北亚热带湿润气候,菱湖风景区、独秀园、薛家岗遗址、六尺巷、孔雀东南飞文化园、迎江寺、振风塔、天柱山、鹞落坪,安庆市
131.7 万（2024年末常住人口）,9678 km²,1134.0 亿元（2024年）,地级市,黄山屯溪国际机场,黄山北站、歙县北站、三阳站、黄山西站、黟县站、祁门站等,亚热带季风湿润性气候,黄山[91]、西递[92]、宏村[93]、齐云山[86]、呈坎[96]、屯溪老街[149]、徽州古城[99],黄山市
405.6 万[156]（2024年末常住人口）,13500 km²[35],4034.4 亿元[145]（2024年）,地级市[30],明光女山湖机场[95],滁州站、全椒站、滁州北站、定远站[91][115],北亚热带向南温带过渡性气候[31],醉翁亭[53]、琅琊山[1]、凤阳小岗村[52],滁州市
804.1 万（2024年常住人口）,10118 km²,3609.8 亿元[76]（2024年）,地级市,阜阳机场,阜阳站、阜阳西站、界首南站、阜南站、临泉站、太和北站、颍上站、太和东站,温带季风气候,管仲老街、八里河、颍州西湖、阜阳生态园、迪沟生态旅游风景区、殿顶子遗址,阜阳市
522.5 万（2024年末常住人口）,9939 km²,2457.3 亿元（2024年）,地级市,宿州机场（规划中）,宿州站、宿州东站、宿州西站,温带季风气候,皇藏峪、钟馗文化园、五柳风景名胜区、虞姬墓、涉故台、蕲县古城遗址、乐天园、闵子骞祠、黄河故道,宿州市
430.4 万（2024年末常住人口）,15451.2 km²,2307.5 亿元（2024年）,地级市,六安金安机场,六安站、金寨站、舒城站等,亚热带季风气候,白马尖、天堂寨、九公寨风景区、万佛山、万佛湖、横排头、皖西大裂谷、大别山、昭庆寺,六安市
486.1 万[76]（截至2024年末常住人口）,8522.58 km²,2521.6 亿元[73]（2024年）,地级市,亳州机场,亳州站、亳州南站、古城东站、芦庙站,温带季风性气候,花戏楼、华祖庵、天静宫、东太清宫、尉迟寺、曹操运兵道等,亳州市
132.4 万[54]（2024年常住人口）,8399 km²,1177.8 亿元[66]（2024年）,地级市,池州九华山机场,池州站、东至站、九华山站[2]（等）,亚热带季风气候,九华山、杏花村、升金湖、平天湖、怪潭、蓬莱仙洞、南溪古寨、秀山门博物馆、九子岩、东至九天仙寓风景名胜区、牯牛降风景区、醉山野（等）,池州市
249 万[40][61]（2024年常住人口）,12340 km²,2053.5 亿元[60]（2024年）,地级市,芜湖宣州机场、宁国青龙湾机场,宣城站、泾县站、旌德站、绩溪北站、广德南站、宁国站等,亚热带季风气候,敬亭山、江村古建筑群、龙川、鳄鱼湖、太极洞、皖南川藏线、谢朓楼、鳄鱼湖（等）,宣城市
850.1 万（2024年末常住人口）,11968.53 km²,14236.76 亿元[160]（2024年）,地级市,福州长乐国际机场,福州站、福州南站,亚热带海洋性季风气候,三坊七巷、鼓山、崇妙保圣坚牢塔、报恩定光多宝塔、福州西湖公园、鼓岭、永泰青云山风景名胜区、石竹山风景区,福州市
535 万[225]（2024年末常住人口）,1700.61 km²,8589.01 亿元[229]（2024年）,地级市,厦门高崎国际机场,厦门站、厦门北站,南亚热带海洋性季风气候,鼓浪屿、胡里山炮台、南普陀寺、曾厝垵、厦门园林植物园、厦门园林博览苑、同安影视城、天竺山森林公园,厦门市
317.9 万（2023年末常住人口）,4127.7 km²（陆域面积）,3442.74 亿元[176]（2024年）,地级市,工程前期工作持续推进,莆田站、仙游站、涵江站、莆田东站,亚热带季风气候,湄洲岛、南少林寺、九鲤湖、南山广化寺、妈祖庙、九龙谷、木兰陂,莆田市
242.9 万[69]（2023年末常住人口）,22965 km²[133],2922.94 亿元[175]（2024年）,地级市[76],三明沙县机场[26],三明站、三明北站、三元区站等[25][131],中亚热带气候[78],泰宁国家级风景名胜区[33]、仙人谷[34]、闽江源[35]、客家公祠[177],三明市
891.4 万[204]（截至2024年）,11295.57 km²[32]（截止2022年底）,13094.87 亿元[203]（2024年）,地级市[2],泉州晋江国际机场[6],泉州站、泉州东站、泉州南站、泉港站等[55],亚热带海洋性季风气候[2],开元寺[45]、府文庙[44]、天后宫[50]、清源山[49]、清水岩[48],泉州市
506.3 万[26]（截至2023年末常住人口）,12607 km²,6063.71 亿元[136]（2024年）,地级市,58.9千米,漳州站、角美站、漳浦站、云霄站、诏安站等[96],南亚热带海洋季风气候[20],南靖土楼[76]、云洞岩景区[66],漳州市
263.0 万[55]（截至2023年末常住人口）,26300 km²,2090.30 亿元[64]（2024年）,地级市,武夷山机场,南平市站、建瓯西站、建瓯东站、建瓯站、建阳站、武夷山站、延平站、延平东站、武夷山北站、延平西站,亚热带季风气候,武夷山、庵山、溪源庵、和平古镇、茫荡山、黄岗山,南平市
269.3 万[94]（2023年末常住人口）,19028 km²,3418.68 亿元[119]（2024年）,地级市,龙岩冠豸山机场,龙岩站,亚热带季风气候,永定客家土楼、古田会议旧址、冠豸山、龙硿洞、九鹏溪、武平千鹭湖、武平梁野山、长汀古城,龙岩市
315.7（2023年） 万[19]（2023年常住人口）,13452 km²[19]（陆地面积）,3901.99 亿元[176]（2024年）,地级市[13],福建水门机场[25],宁德站、古田北等[24],中亚热带海洋性季风气候[19],宁德世界地质公园、福鼎太姥山、霞浦滩涂等[19],宁德市
667.04 万[248]（2024年末全市常住人口）,7194.98 km²[54],7800.37 亿元[246]（2024年）,地级市[87],南昌昌北国际机场、南昌瑶湖机场[66][162],南昌站、南昌北站、南昌西站、南昌东站、南昌南站[5][89][163],亚热带季风气候[54],滕王阁[80]、南昌八一起义纪念馆[80]、绳金塔[76]、南昌汉代海昏侯国遗址公园[80]、南昌万寿宫历史文化街区[80],南昌市
161.80 万（2024年常住人口）,5256 km²,1179.30 亿元[103]（2024年）,地级市,景德镇罗家机场、景德镇浮梁机场,景德镇站、景德镇北站,亚热带季风性气候,高岭瑶里风景名胜区、古窑民俗博览区、浮梁古县衙、乐平戏台、洪岩仙境、御窑厂考古遗址公园、中国陶瓷博物馆、陶溪川文创街区、怪石林,景德镇市
179.70 万[52]（2024年常住人口）,3823.99 km²,1211.4 亿元[71]（2024年）,地级市,仅120千米,萍乡站、萍乡北站,亚热带季风气候,武功山、杨岐山、江西安源国家森林公园、安源路矿工人运动纪念馆、萍乡市荷花博览园景区,萍乡市
449.9 万[113]（2024年末常住人口）,19084.61 km²[1],4021.75 亿元[113]（2024年）,地级市,九江庐山机场,九江站、庐山站、九江西站、瑞昌西站、都昌站、湖口站等[34],亚热带季风气候,庐山、东林寺、石钟山、庐山西海、云居山、吴城镇、浔阳江景区、陈门五杰故里景区、白鹿洞书院,九江市
119.40 万[67]（2024年末常住人口）,3178 km²,1142.52 亿元[76]（2024年）,地级市,,新余站，新余北站,亚热带季风性气候,仙女湖、抱石公园、孔目江湿地公园、江西仰天岗国家森林公园[23]、蒙山、双林夏布文化旅游景区,新余市
115.09 万[55]（2023年常住人口）,3556.7 km²,1384.34 亿元[64]（2024年）,地级市,鹰潭通勤机场,鹰潭站、鹰潭北站,亚热带季风性湿润气候,龙虎山世界自然遗产地、嗣汉天师府、上清古镇、古越崖墓群等,鹰潭市
898.92 万[113]（2023年末常住人口）,39379.64 km²,4940.47 亿元[174]（2024年）,地级市,赣州黄金机场、赣州瑞金机场[175],赣州站、赣州西站、赣州北站、赣县北站、瑞金站、兴国站、于都站、于都北站、信丰西站、龙南东站、定南南站等,亚热带季风性湿润气候,通天岩风景区、郁孤台、赣州古城墙、赣州方特东方欲晓主题公园、江南宋城历史文化旅游区、瑞金共和国摇篮景区、三百山风景名胜区、关西新围、丫山、上堡梯田,赣州市
435.07 万[85]（2024年常住人口）,25283 km²,2917.3 亿元[85]（2024年）,地级市,井冈山机场,吉安站、吉安西站、泰和站、吉水西站等,亚热带季风湿润性气候,井冈山、武功山、羊狮慕、白鹭洲书院、吉州窑、青原山、渼陂等、庐陵文化生态园、天祥景区、钓源古村、中国进士文化园,吉安市
498.88 万（2024年底常住人口）,18700 km²[6],3711.05 亿元[100]（2024年）,地级市[21],宜春明月山机场[27],宜春站、宜春西站[28-29],亚热带湿润气候[2],明月山温泉风景名胜区[3]、三爪仑国家森林公园[3],宜春市
353.48 万（2024年常住人口）,18800 km²,2173.08 亿元[127]（2024年）,地级市,抚州机场（在建）,抚州站、抚州东站、抚州北站等,亚热带季风气候,文昌里、大觉山、流坑古村、黎川明清老街、中国莲花景区、抚州名人雕塑园、麻姑山、宜黄曹山景区、竹桥古村、金竹瀑布、临川金山寺,抚州市
635.1 万（2024年末常住人口）,22737 km²,3720.9 亿元（2024年）,地级市,上饶三清山机场,上饶站、婺源站、玉山站、弋阳站、鄱阳站、五府山站等,亚热带季风性湿润气候,三清山、篁岭、龟峰、灵山、望仙谷、鄱阳湖景区、鹅湖书院、葛仙山、婺女洲度假区,上饶市
951.5 万（2024年末常住人口）,10244.45 km²[76],13527.6 亿元[157]（2024年）,地级市[4],济南遥墙国际机场[41],济南站、济南西站、济南东站、大明湖站[7],暖温带大陆性季风气候[126],趵突泉[121]、大明湖[121]、千佛山[122]、超然楼[73],济南市
1044.25 万[310]（2024年末常住人口）,11293 km²,16719.46 亿元[301]（2024年）,地级市,青岛胶东国际机场,青岛站、青岛北站、青岛西站、红岛站、青岛机场站等,温带季风气候,崂山、五四广场、八大关、栈桥、青岛奥帆中心、金沙滩、大珠山,青岛市
467.4 万（2023年末常住人口）,5965 km²,4884.08 亿元[170]（2024年）,地级市[16],约70千米,淄博站，淄博北站，临淄北站，桓台站[157],温带季风气候,八大局[148]、聊斋城、海岱楼钟书阁、临淄齐国故城、淄博市陶瓷博物馆、周村古商城、原山森林公园、鲁山森林公园,淄博市
380.50 万（2024年常住人口）,4564 km²,2386.41 亿元（2024年）,地级市,枣庄翼云机场（建设中）,枣庄站、滕州东站（高铁站）、枣庄东站、枣庄西站、滕州站,暖温带季风型大陆性气候,台儿庄古城、微山湖红荷湿地、墨子纪念馆、鲁班纪念馆、抱犊崮,枣庄市
220.83 万（2024年常住人口）,8243 km²,4307.70 亿元（2024年）,地级市,东营胜利机场,东营站、东营南站,温带大陆性季风气候,黄河口生态旅游区、东营市历史博物馆、清风湖公园、龙悦湖,东营市
703.52 万（2024年末常住人口）,13930.1 km²,10782.83 亿元（2024年）,地级市,烟台蓬莱国际机场、栖霞杨础机场,烟台站、烟台南站、烟台西站、牟平站（烟台东站）等,暖温带季风气候（冬无严寒、夏无酷暑、雨量适中、空气湿润、气候温和）[136],蓬莱阁、八仙过海景区、南山旅游风景区（仅列5A级）、牟氏庄园[162],烟台市
931.99 万[148]（2023年末常住人口）,16167.23 km²,8203.2 亿元[113]（2024年）,地级市,潍坊南苑机场,潍坊站、潍坊北站等[11-12][47],温带季风气候,超然台、十笏园、杨家埠民间艺术大观园、中国宝石城、仰天山、驼山、偶园、莫言旧居、云门山、青云山、坊茨小镇[114],潍坊市
824.05 万（2023年末常住人口）,11000 km²,5867 亿元[111]（2024年）,地级市,济宁大安机场,济宁站、济宁北站、济宁东站、曲阜东站、曲阜南站、泗水南站、嘉祥北站、兖州站、邹城站、梁山站等,温带季风气候,三孔、微山湖、太白楼、京杭大运河、三孟,济宁市
529.15 万（2024年常住人口）,7762 km²,3622.1 亿元（2024年）,地级市,泰安仪阳通用机场（在建）,泰山站、泰安站、泰安东站等,温带季风气候,泰山、摩崖石刻、水浒影视城、岱庙、太阳部落、方特欢乐世界、天颐湖、泰安市徂徕山汶河景区、泰安老街、泰山西湖景区、戴村坝、水浒影视城、白佛山、东平湖,泰安市
291.46 万（2024年末常住人口）,5799.84 km²,3728.62 亿元（2024年）,地级市,威海国际机场,威海站、威海北站、文登东站、荣成站、乳山站,温带季风气候,刘公岛、成山头、国际海水浴场、赤山、银滩、华夏城、天鹅湖等,威海市
296.83 万[29]（2022年常住人口）,5374.90 km²,2556.89 亿元[70]（2024年）,地级市,日照山字河机场,日照站、日照西站、日照南站、岚山西站、五莲站[75]、莒县站[76],温带季风气候,万平口、东夷小镇、九仙山、五莲山、浮来山、天台山风景区[77]、龙门崮风景区[78],日照市
1099.31 万[200]（2022年年末常住人口）,17191.2 km²,6555.8 亿元[235]（2024年）,地级市,临沂启阳国际机场,临沂站、临沂北站、临沂东站、兰陵站等[226],温带季风气候,沂蒙山世界地质公园、王羲之故居、竹泉村、天马岛、汤头温泉,临沂市
557.49 万（2022年常住人口）,10356 km²,4047.73 亿元[106]（2024年）,地级市,,德州站、德州东站、陵城站、平原站、齐河站、平原东站、临邑站、禹城站、晏城站、禹城东站,温带季风气候,中国太阳谷、黄河故道森林公园、泉城欧乐堡梦幻世界、海岛金山寺,德州市
580.34 万（2024年末常住人口）,8628 km²,3167.96 亿元（2024年）,地级市,获批建设,聊城站、聊城北站、聊城西站、聊城东站,温带季风气候,东昌湖、光岳楼、山陕会馆、孔繁森同志纪念馆、景阳冈,聊城市
390.41 万（2023年常住人口）,9660 km²,3404.74 亿元[98]（2024年）,地级市,滨州大高机场,滨州站、邹平站、博兴站、阳信站等,温带季风气候,中国孙子兵法城、鹤伴山国家森林公园、魏氏庄园、魏集古村落,滨州市
863.55 万[52]（2023年常住人口）,12238.62 km²[3],4802.58 亿元[251]（2024年）,地级市[2],菏泽牡丹机场[24][40],菏泽站、菏泽东站[24],暖温带季风大陆性气候[82],曹州牡丹园、水浒好汉城、孙膑旅游城、曹州古城、牌坊古城、浮龙湖、东明黄河森林公园、中国牡丹园、金山、石头寨、三源寺、法源寺、百花园、古今园、文亭湖、冀鲁豫边区革命纪念馆、中华祖源景区[5][8][40][49][170],菏泽市
1308.6 万[405]（2024年末常住人口）,7567 km²[346]（主城区：1754.8km²）,14532.1 亿元[393]（2024年）,地级市,郑州新郑国际机场、郑州上街机场、登封少林机场,郑州站、郑州东站、郑州航空港站、郑州西站、郑州北站等,温带大陆性季风气候,郑州商代王城遗址、郑州二七罢工纪念塔和纪念堂、河南博物院、嵩山、少林寺、只有河南·戏剧幻城、龙湖、黄帝故里、河南省少林武术馆,郑州市
469.80 万（2024年末常住人口）,6239 km²[80],2761.10 亿元（2024年）,地级市,的一条高速便捷通道,开封站、开封北站、兰考站、兰考南站、运粮河站、宋城路站等,温带季风气候,清明上河园、龙亭、铁塔、大相国寺、开封府、包公祠、中国翰园、万岁山等,开封市
708.1 万[127]（2024年末常住人口）,15230 km²,5818.6 亿元[118]（2024年）,地级市,洛阳北郊机场,洛阳站、洛阳龙门站、洛阳东站等,温带季风气候,龙门石窟、白马寺、隋唐洛阳城、白云山、老君山、关林、龙潭大峡谷、中国国花园、王城公园、定鼎门,洛阳市
487.6 万（2024年常住人口）,7882 km²,2831.97 亿元（2024年）,地级市,平顶山鲁山机场,平顶山站、宝丰站、鲁山站、平顶山西站、郏县站、叶县站[6],温带大陆性季风气候,尧山-中原大佛景区、尧山地质公园等,平顶山市
539.4 万（2024年常住人口）,7413 km²[3],2672 亿元（2024年）,地级市[131],安阳红旗渠机场、安阳殷都机场、安阳永和机场[60][146],安阳站、安阳东站、安阳西站[54][147],温带大陆性季风气候[14],殷墟[95]、羑里城[95]、中国文字博物馆[95]、红旗渠、太行大峡谷、安阳高陵、马氏庄园、袁林、文峰塔、仓巷街、岳飞庙、道口古镇,安阳市
155.9 万（2024年末常住人口）,2182 km²[35],1094.39 亿元（2024年）,地级市,,鹤壁站、鹤壁东站、滑浚站,温带季风气候,,鹤壁市
611.3 万（2024年末常住人口）,8291 km²[29],3569.70 亿元（2024年）,地级市[29],及郑州航空港经济综合实验区车程50分钟,新乡站、新乡东站、新乡南站、新乡北站[86-87],暖温带大陆性季风气候[32],同盟古镇[31]、八里沟景区[3]、万仙山风景名胜区[79]、九莲山景区[134]、五龙山风景区[80],新乡市
349.6 万[106]（2024年末常住人口）,4071 km²,2369.2 亿元[95]（2024年）,地级市,、两小时高铁可达太原,焦作站、焦作西站[2],温带季风气候,云台山、神农山、青天河、陈家沟、嘉应观、圆融无碍禅寺、焦作影视城,焦作市
369.1 万[215]（2024年末常住人口）,4188 km²[1],2018.55 亿元[216]（2024年）,地级市[6],,濮阳东站、南乐站、濮阳站、台前站、濮阳西站、柴村站等[101-102][208],暖温带半湿润季风型大陆性气候[7],清丰县冀鲁豫军区纪念馆[168]、濮阳东北庄野生动物园[168]、濮阳东北庄杂技之乡[168],濮阳市
435.7 万（2024年末常住人口）,4979 km²,3441.1 亿元（2024年）,地级市,50千米,许昌站、许昌东站、许昌北站、禹州站、鄢陵站、长葛站、长葛北站,温带季风气候,曹丞相府、春秋楼、灞陵桥、花都温泉度假区、神垕古镇、胖东来,许昌市
234.3 万（2024年常住人口）,2617 km²,1869.9 亿元（2024年）,地级市,不足一小时车程,漯河站、漯河西站,暖湿性季风气候,许慎文化园，漯湾古镇，河上街古镇，神州鸟园，沙澧河风景区，小商桥，南街村，贾湖遗址、黄龙湿地公园,漯河市
200.7 万（2024年末常住人口）,9936 km²[85],1620.27 亿元（2023年）,地级市,,三门峡站、三门峡西站、三门峡南站,暖温带大陆性季风型半干旱气候,天鹅湖国家城市湿地公园、仰韶村文化遗址、虢国博物馆、函谷关,三门峡市
945.40 万[94]（2024年末常住人口）,26600 km²,4879.08 亿元[91]（2024年）,地级市,南阳姜营机场,南阳站、南阳东站、邓州东站、方城站[61],季风大陆湿润半湿润气候,丹江大观苑、卧龙岗、医圣祠、宝天曼、内乡县衙、西峡老界岭等,南阳市
762.8 万（2024年末常住人口）,10704 km²,3272.27 亿元（2024年）,地级市,已运营,商丘站、商丘南站、商丘东站,温带季风气候,燧皇陵、阙伯台、芒砀山、秣坡村、孔子还乡祠、木兰祠、商丘古城、应天书院,商丘市
604.80 万[58]（2023年末常住人口）,18916 km²[26],3073.36 亿元[63]（2024年）,地级市,信阳明港机场,信阳东站、明港东站、信阳站、罗山站、潢川站、固始站、息县站、淮滨站、光山站、商城站、新县站（等）,亚热带向暖温带过渡地区,鸡公山、南湾湖、灵山寺、金兰山、汤泉池、大苏山国家森林公园（等）、申伯楼[12]、申城老茶馆[69-70]、信阳文新茶村[71]、信阳龙袍茶庄园[74],信阳市
863.10 万（2024年末常住人口）,11961 km²[37],3635.62 亿元（2024年）,地级市,周口民用机场（建设中）[76],周口站、周口东站,温带季风气候,太昊陵、昆山女娲宫、老子故里、关帝庙,周口市
671.1 万（截至2024年底常住人口）,15083 km²[28],3342.70 亿元（2024年）,地级市,驻马店平舆机场（停工）[101],驻马店站、驻马店西站等[120],温带海洋性气候[28],嵖岈山、南海禅寺、竹沟革命纪念馆[39],驻马店市
72.3 万（2024年底常住人口）,1931 km²[5],789.56 亿元（2024年）,县级市、省直辖县级行政单位,已纳入全省航空规划,济源站,暖温带大陆性季风气候,小浪底风景区，王屋山景区，五龙口等,济源市
1380.91 万[245]（2024年末常住人口）,8569.15 km²,21106.23 亿元[234]（2024年）,地级市,武汉天河国际机场、武汉汉南通用机场,武汉站、武昌站、汉口站、武汉东站,亚热带季风气候,东湖风景区、黄鹤楼、木兰八景、湖北省博物馆、江汉路步行街、楚河汉街、欢乐谷、晴川阁、归元禅寺、古琴台、光谷步行街、武汉大学、汉口江滩、武汉海昌极地海洋公园,武汉市
243.53 万（2024年末常住人口）,4583 km²[95],2305.81 亿元（2024年）,地级市,临空经济区总体规划,黄石站、黄石东站、黄石北站、大冶北站、阳新站等,亚热带季风气候[105],黄石国家矿山公园、鄂王城遗址,黄石市
314.22 万（2024年末全市常住人口）,23680 km²,2565.8 亿元[126]（2024年）,地级市,十堰武当山机场,十堰站，十堰东站，武当山站，武当山西站，丹江口站、郧西站等[100],亚热带季风气候,武当山、丹江口水库、太极湖、中国子胥湖、沧浪山国家森林公园、青龙山恐龙蛋化石群国家地质公园、五龙河等,十堰市
392.40 万（2023年末常住人口）,21000 km²,6191.12 亿元[134]（2024年）,地级市,宜昌三峡国际机场、当阳机场,宜昌东站、宜昌北站（在建）、宜昌站[129],亚热带季风性湿润气候,三峡大坝旅游区、三峡人家、清江画廊、玉泉山风景区、关陵、屈原故里、九畹溪漂流、百里荒草原风景区、昭君村古汉文化游览区、宜昌市高岚朝天吼漂流景区、西陵峡口风景名胜区、宜昌市三峡大瀑布景区、宜昌市柴埠溪大峡谷风景区、九畹溪风景区、三游洞景区、石牌要塞旅游区、三峡竹海生态风景区、鸣凤山景区、金狮洞景区、五峰后河天门峡景区、三峡湿地·杨守敬书院、清江方山风景区、三峡九凤谷景区、宜昌市远安县武陵峡口生态旅游区,宜昌市
583.66 万[90]（2023年末户籍人口）,19700 km²,6102.41 亿元[111]（2024年）,地级市,襄阳刘集机场、老河口机场,襄阳站、襄阳东站、襄州站、襄阳北站,亚热带季风气候,古隆中、襄阳城、岘山、汉城影视基地、鹿门山、水镜庄、春秋寨,襄阳市
107.22 万[27-28]（2023年末常住人口）,1596 km²[8],1341.30 亿元[72]（2024年）,地级市[10],鄂州花湖机场[28],鄂州站、鄂州东站、华容东站、华容南站、葛店南站、花湖站[60],亚热带季风气候[8],梁子湖、西山风景区、莲花山旅游区[8],鄂州市
255.07 万[184]（2024年末常住人口）,12400 km²[112],2459.68 亿元[178]（2024年）,地级市[142],荆门漳河机场[141],荆门站、荆门西站、沙洋西站、钟祥站、京山站[116-120],亚热带季风气候[7],白云楼[72]、明显陵[74]、绿林山风景区[78]、黄仙洞[89]、漳河风景区[77]、岳飞城遗址[76],荆门市
418.58 万（2022年常住人口）,8910 km²,3258.54 亿元[55][72]（2024年）,地级市,约30千米,孝感站、孝感北站、孝感东站,亚热带大陆性季风气候[8],双峰山风景区、白兆山风景区、汤池温泉、观音湖、天屿湖[52],孝感市
513.55 万（2023年常住人口）,14100 km²[1],3505.99 亿元[186]（2024年）,地级市[97],荆州沙市机场[115],荆州站、荆州东站、松滋站等[80][171],北亚热带季风湿润气候[25],荆州古城[7]、章华寺[7]、关公义园[7],荆州市
579.24 万（2024年末常住人口）,17457.20 km²[4][64],3216.65 亿元（2024年）,地级市,（,黄冈站、黄冈西站、黄冈东站、黄州站、红安西站、武穴北站、蕲春站、蕲春南站、浠水南站、黄梅南站、黄梅东站、麻城站、麻城北站等,亚热带季风气候,东坡赤壁、青云塔、遗爱湖公园、横岗山、龟峰山、五祖寺、大别山主峰风景区、罗田天堂寨[90]、薄刀峰[84],黄冈市
302.82 万[32]（2023年户籍人口）,10033 km²,1819.23 亿元（2023年）,地级市,,咸宁站、咸宁北站、咸宁南站、咸宁东站、赤壁北站、赤壁站[3],亚热带大陆性季风气候,九宫山、赤壁古战场、王氏宗祠、陆水湖、隐水洞、潜山国家森林公园、柃蜜小镇,咸宁市
200.37 万（2023年末常住人口）,9636 km²[42],1330.85 亿元（2023年）,地级市,厉山通用机场,随州站、随州南站、随县站、广水站,亚热带季风气候,随州炎帝神农故里、曾侯乙墓、大洪山风景名胜区,随州市
337.72 万（2024年末常住人口）,24111 km²[6],1661.36 亿元（2024年）,自治州,恩施许家坪机场[139],恩施站、利川站、建始站、巴东站、咸丰站、来凤站、高坪站等[2],亚热带季风性山地湿润气候[67],恩施大峡谷、腾龙洞景区、神农溪等[55-57],恩施土家族苗族自治州
1061.65 万（2024年常住人口）,11819 km²[19]（总面积）,15268.78 亿元（2024年）,地级市[127],长沙黄花国际机场[54],长沙站、长沙南站、长沙西站[128],,岳麓山[85]、橘子洲[85]、世界之窗[85]、湖南博物院[85],长沙市
383.78 万（2024年末常住人口）,11200 km²,3902.45 亿元（2024年）,地级市,株洲芦淞机场,株洲站、株洲西站、株洲北站、株洲南站,亚热带季风性湿润气候,炎帝陵、桃源洞、云阳山、酒埠江、神农城、方特欢乐世界、酃峰,株洲市
269.18 万[112]（2024年末常住人口）,5006 km²,2957.06 亿元[111]（2024年）,地级市,路程仅需1个小时,湘潭站、湘潭北站、韶山南站、湘乡站等,亚热带季风性湿润气候,韶山、昭山城市海景水上乐园、白石公园、昭山、水府庙、万楼·青年码头[97],湘潭市
643.43 万（2024年末常住人口）,15310 km²,4491.69 亿元（2024年）,地级市,衡阳南岳机场、衡阳大浦通用机场,衡阳站、衡阳东站、衡山站、衡山西站、耒阳站、耒阳西站、祁东站、西渡站,亚热带季风气候,衡山、石鼓书院、蔡伦竹海、宝莲洞花卉基地、福益亭、江口鸟洲、洋泉水库、天堂山、杳湖山[113]、四明山[114]、东洲岛景区[94]、南岳里[115]、保卫里文化创意街区[116]、湘见·建湘工业文化街区[117]、衡阳市文化艺术中心[118]、“雁城之星”摩天轮[119],衡阳市
630.0 万（2024年底常住人口）,20824 km²[5],2926.3 亿元（2024年）,地级市,邵阳武冈机场、邵阳邵东机场,邵阳站、邵阳北站、邵阳西站,亚热带季风性湿润气候,崀山、南山牧场、虎形山、云山、白水洞、黄桑生态旅游区[35],邵阳市
498.75 万（2024年末常住人口）,14858 km²,5127.66 亿元（2024年）,地级市,岳阳三荷机场、平江安定机场,岳阳站、岳阳东站等,亚热带季风气候,岳阳楼、君山岛、张谷英村、屈子祠、汨罗江、石牛寨,岳阳市
516.9 万（2024年常住人口）,18200 km²,4532.7 亿元（2024年）,地级市,常德桃花源机场,常德站、石门县北站等,亚热带湿润季风气候,桃花源、柳叶湖、夹山寺、壶瓶山、诗墙、清水湖旅游度假区、澧县城头山旅游景区、彭山景区、湖南涔槐国家湿地公园、花岩溪、太浮山,常德市
148.69 万[90]（2024年）,9533 km²,613.9 亿元[82]（2023年）,地级市,张家界荷花国际机场,张家界站、张家界西站等,中亚热带山原型季风性湿润气候,张家界国家森林公园、天门山、黄龙洞、宝峰湖,张家界市
373.52 万（2024年末常住人口）,12320 km²,2268.18 亿元（2024年）,地级市,、,益阳站，安化站、益阳南站,亚热带季风性湿润气候,湖南琼湖国家湿地公园、桃花江、茶马古道、茶乡花海,益阳市
457.78 万（2024年常住人口）,19341.66 km²[2]（截止2023年2月）,3327.8 亿元[153]（2024年）,地级市[42],郴州北湖机场[30],郴州站、郴州西站等[49-50],中亚热带季风性湿润气候[21],湖南九龙江国家森林公园[51]（国家4A级旅游景区）、飞天山国家地质公园[47]（国家4A级景区）、东江湖[48]、湖南宝山国家矿山公园[52]（国家4A级景区）、安仁稻田公园[53]（国家4A级景区）,郴州市
501.85 万（2024年末常住人口）,22400 km²,2692.57 亿元（2024年）,地级市,永州零陵机场,永州站、零陵站、东安站、东安东站、道州站、祁阳站等,亚热带季风气候,永州八景、永州市桐子坳景区、永州市零陵东山景区、九嶷山、阳明山、舜皇山,永州市
441.59 万（2024年末常住人口）,27572.54 km²,2093.82 亿元（2024年）,地级市,怀化芷江机场,怀化站、怀化南站,亚热带季风性湿润气候,怀化古村、芷江受降纪念坊、洪江古商城、黔阳古城、安江农校纪念园、通道转兵纪念馆、粟裕同志纪念馆、沅陵二酉山,怀化市
372.77 万（2024年末常住人口）,8117.6 km²,2131.63 亿元（2024年）,地级市,娄底春田机场、娄底桥头河机场[46],娄底站、娄底南站、娄底西站、双峰北站等,亚热带季风气候,湄江国家地质公园、梅山龙宫、紫鹊界梯田、曾国藩故居、波月洞、三联峒,娄底市
239.2 万（截至2024年末常住人口）,15500 km²[3],855.95 亿元（2024年）,自治州[2],湘西边城机场、铜仁凤凰机场,吉首站、吉首东站、凤凰古城站、芙蓉镇站、龙山北站、古丈西站,亚热带季风湿润气候,凤凰古城旅游区、矮寨·十八洞·德夯大峡谷景区、奇梁洞景区、乾州古城景区、芙蓉镇景区等,湘西土家族苗族自治州
1897.8 万[446]（2024年末常住人口）,7434.4 km²[14],31032.50 亿元[430]（2024年）,地级市,广州白云国际机场、穗港澳直升机机场,广州站、广州南站、广州东站、广州北站、广州白云站,亚热带季风气候,花城广场、广州塔、白云山,广州市
285.77 万[89]（截至2023年末常住人口）,18400 km²[48],1647.56 亿元[158]（2024年）,地级市[47],韶关丹霞机场[12],韶关站、韶关东站、丹霞山站、南雄站、始兴站[137],中亚热带湿润型季风气候区[49][163],丹霞山地质公园[17]、南华寺[42]、马坝人遗址[96]、云髻山[97],韶关市
1798.95 万[378]（2024年末常住人口）,1997.47 km²,36801.87 亿元[352]（2024年）,地级市,深圳宝安国际机场,深圳北站、深圳站、深圳东站、深圳西丽站、福田站、深圳坪山站、平湖站等,亚热带向热带过渡型海洋性气候[5],世界之窗、深圳欢乐谷、东部华侨城、大小梅沙、中英街、大鹏所城[6]、南头古城、深圳博物馆、欢乐港湾、甘坑客家小镇[287]、鹤湖新居[289],深圳市
249.41万 人[67]（截至2023年末）,1725 km²[49]（陆地面积）,4479.06 亿元[187]（2024年）,地级市[120],珠海金湾机场、珠海九洲机场、珠海莲洲通用机场[150],珠海站、珠海北站、横琴站、唐家湾站、明珠站、前山站、湾仔北站、湾仔站、十字门站、横琴北站，在建车站为井湾站、鹤洲南站、三灶东站、珠海机场站[112],南亚热带海洋性季风气候[84],圆明新园[42]、珠海罗西尼工业旅游点[121]、珠海市御温泉度假村景区[122]、东澳岛[43]、外伶仃岛[44],珠海市
579.34 万[132]（截至2023年末户籍总人口）,2199 km²[132],3167.97 亿元[221]（2024年）,地级市[137],揭阳潮汕国际机场[3],汕头站、汕头北站、潮阳站、汕头南站、潮南站[104][106-107],南亚热带海洋性季风气候[53],小公园开埠区旅游区[21]、中信度假村[59]、太安堂中医院博物馆[59]、礐石风景名胜区[59]、汕头市中海龙虎滩旅游区[19]、莲花峰风景区[59]、丹樱生态园景区[19]、莲华乡村旅游区[59]、南澳岛生态旅游区[59]、前美古村侨文化旅游区[59]、和平大峰风景区[19]、东华村潮乡旅游景区[19],汕头市
961.54 万（2023年末常住人口）,3797.72 km²,13361.90 亿元[223]（2024年）,地级市,佛山沙堤机场、佛山高明机场（规划）,佛山站、佛山西站、三水站、三水南站,亚热带季风气候,佛山祖庙、梁园、清晖园、长鹿旅游休博园、佛山岭南天地、南风古灶、西樵山风景名胜区,佛山市
482.26 万（截至2024年末常住人口）,9535 km²（陆地面积）,4210.18 亿元（2024年）,地级市,距珠三角枢纽（广州新）机场（规划建设）30分钟车程,江门站、江门东站、新会站、双水镇站、台山站、开平南站、恩平站,亚热带季风气候,开平碉楼、小鸟天堂、上下川岛、帝都温泉,江门市
707.84 万[1]（2023年末常住人口）,13300 km²[1],3839.93 亿元[186]（2024年）,地级市[130],湛江吴川机场、湛江新塘直升机场[137][181],湛江西站、湛江站、吴川站等[137],热带和亚热带季风气候[1],湖光岩[130]、观海长廊[130]、三元塔公园等[76],湛江市
625.23 万[66][113]（2023年常住人口）,11427.63 km²,4072.04 亿元[125]（2024年）,地级市,信宜通用机场（规划中）[127],茂名站，茂名西站，电白站，高州站，信宜站，化州站等,亚热带季风气候,中国第一滩、放鸡岛、浪漫海岸旅游度假区、茂名露天矿生态公园、茂名森林公园、御水古温泉、窦州古城、冼太夫人故里文化旅游区、广垦（茂名）国家热带农业公园、牙象大地艺术公园,茂名市
413.17 万（2023年常住人口）,14900 km²,2917.85 亿元（2024年）,地级市,珠三角枢纽（广州新）机场（规划建设中）,肇庆站、肇庆东站、广宁站、怀集站,南亚热带季风湿润型气候,星湖旅游景区[109]、六祖寺[50]、肇庆古城墙[52]、龙母祖庙、德庆盘龙峡,肇庆市
607.34 万[80]（截至2023年末常住人口）,11347 km²[4]（土地面积）,6136.39 亿元[192]（2024年）,地级市,惠州平潭机场[91],惠州北站、惠州站、惠阳站、惠州南站、博罗站、惠东站、仲恺站、罗浮山站、惠东南站、小金口站、博罗北站[159],亚热带季风气候[115],惠州西湖[13]、罗浮山[13]、平海古城[13]、南昆山[13]、叶挺将军纪念园[13]、东坡纪念馆[49]、水东街[50]、双月湾[51]、大亚湾黄金海岸[81]、大南山[197],惠州市
384.91 万（2023年末常住人口）,15876 km²[1],1508.18 亿元[627]（2024年）,地级市[341],梅州梅县机场（民航）、兴宁机场（军用）,梅州站（停运改造）、梅州西站、梅州东站、兴宁南站、兴宁站、五华站、丰顺东站、畲江北站、建桥站[631],亚热带季风气候,叶剑英纪念园、雁南飞茶田度假村、客天下旅游产业园、灵光寺、诗画梅江、中国客家博物馆、客都人家康养文旅综合体、万福寺、麓湖山文化产业园区、丰顺温泉、南台山、神光山、汤湖热矿泥山庄、五指石风景区、桥溪古韵、千佛塔、松口古镇、熙和湾、长潭旅游度假区、梅州古城、雁洋国际慢城旅游度假区、三河坝战役纪念园、张弼士故居旅游区、李光耀祖居旅游景区、雁鸣湖旅游度假村、南寿峰健康产业园、百侯名镇旅游区、韩山历史文化生态区、球王故里文化旅游区,梅州市
352.71 万[137]（2024年末户籍人口）,4865.05 km²[14],1500.89 亿元[12]（2024年）,地级市[62],航空出行主要依托相邻城市机场,汕尾站、陆丰站、深汕站、鲘门站、陆丰东站、陆丰南站[28][64-65],南亚热带季风气候[14],凤山祖庙、莲花山、玄武山、红海湾、红宫红场、金町湾旅游区、海丰莲花山度假区、铜鼎山旅 游区、金厢滨海红色旅游区、观音岭[7],汕尾市
283.70 万（截至2024年末常住人口）,15653.63 km²[12],1407.72 亿元（2024年）,地级市[13],、东江航道等“水陆空铁”立体交通一体化体系规划建设,河源站、河源东站、河源北站、龙川站、龙川西站、和平站、和平北站[42],南亚热带季风气候[14],河源市万绿湖风景区[55]、客天下温泉小镇、河源佗城、春沐源小镇、巴伐利亚庄园、东江画廊风景区、热龙温泉度假村、霍山旅游风景区、林寨古村、九连山桃花观赏景区,河源市
262.47 万[54]（截至2023年末常住人口）,7966.8 km²[53]（土地面积）,1629.58 亿元[198]（2024年）,地级市[39],阳江合山机场、阳江机场[67][193],阳江站、阳江北站、阳春站、阳东站、阳西站等[64-65],亚热带气候[27],海陵岛、鸳鸯湖、东湖星岛、凌霄岩、鸡笼顶、漠阳湖公园、南恩路历史文化街区,阳江市
398.9 万（2024年末常住人口）,19000 km²[1],2253.07 亿元[152]（2024年）,地级市[1],清远英德、清远佛冈、清远阳山[45]（还未建成）,清远站（高铁站）[42]、洲心站[43]、英德西站、英德站[44]等,中亚热带和南亚热带季风气候[2],连州地下河、天子山风景区[65-66],清远市
1057.08 万（2024年末常住人口）,2460.38 km²（78.5平方千米（海域面积））,12282.15 亿元（2024年）,地级市,连成一体,东莞站、东莞西站、东莞东站、虎门站、东莞南站、东莞滨海湾站、常平站、常平东站、东莞港站,亚热带季风气候,粤晖园、虎门炮台、袁崇焕纪念园、松山湖、可园,东莞市
445.82 万[17]（2023年末常住人口）,1783.85 km²[8],4143.25 亿元[212]（2024年）,地级市[122],用地、港口码头用地,中山站、中山北站、小榄站、古镇站、南头站、南朗站[127-132],亚热带季风气候[9],孙中山故里旅游区[40]、中山詹园[40]、中山市博物馆[40]、孙文纪念公园[42],中山市
275.4 万[21]（截至2024年3月）,3693 km²[21],1402.83 亿元[241]（2024年）,地级市[18],揭阳潮汕国际机场[105],高铁站2个（潮汕站、饶平站），普铁站2个（潮州站、潮安站）[105],亚热带海洋性季风气候[20],广济桥 （全国重点文物）[136]、许驸马府（全国重点文物）[136]、开元寺（全国重点文物）[136]、己略黄公祠（全国重点文物）[136]、笔架山潮州窑遗址（全国重点文物）[136]、韩文公祠 （全国重点文物）[136]、从熙公祠 （全国重点文物）[136]、道韵楼 （全国重点文物）[136]、潮州老城古民居建筑群 （全国重点文物）[136]、淡浮收藏院景区	（国家4A级）[86]、绿太阳景区（国家4A级）[86]、绿岛旅游山庄景区（国家4A级）[86]、紫莲森林度假村景区（国家4A级）[86]、东山湖度假村景区（国家4A级）[86]、凤凰天池景区（国家3A级）[86]、百师园创意馆旅游区（国家3A级）[86]、凤翔峡旅游景区（国家3A级）[86]、西湖公园景区（国家3A级）[86]、石壁山风景区（国家3A级）[86]、展翠佛手果文旅生态园（国家3A级）[86],潮州市
565.36 万[23]（2023年末常住人口）,5240 km²[1]（陆地面积）,2529.70 亿元[113]（2024年）,地级市[1],揭阳潮汕国际机场[28],揭阳站、揭阳机场站、普宁站、葵潭站[4][30],南亚热带季风性湿润气候[42],榕城揭阳学宫（全国重点文物）[8]、榕城榕江大型音乐喷泉（国内最高最长的江上音乐喷泉）[8]、榕城丁氏光禄公祠（全国重点文物）[8]、揭东望天湖生态农业休闲旅游区（国家4A级）[8]、揭东阳美玉都（中国玉都）（国家4A级）[8]、揭东万竹园生态旅游景区[8]、揭东望天湖生态农业休闲旅游区（国家4A级）[8]、揭西三山国王祖庙（海峡两岸交流基地）[105]、揭西粗坑村（“广东最美丽乡村”）[8]、揭西京明温泉度假村（国家4A级）[8]、揭西石内河漂流（地质科研的宝库）[8]、揭西黄满寨瀑布群（国家4A级）[8]、普宁南岩古寺（“东方玉佛国”）[8]、普宁百二坵田旅游景区（国家3A级）[8]、惠来海滨度假村（国家3A级）[8]、惠来八国风情旅游度假区[8],揭阳市
239.66 万[54]（截至2023年末常住人口）,7785.16 km²[1],1309.19 亿元[158]（2024年）,地级市[1],云浮罗定机场[86],云浮东站，南江口站，郁南站，新兴南站，云浮站，罗定北站[87]（均为高铁站）,亚热带季风气候[96],六祖故里旅游度假区[89]、长岗坡渡槽、水东明清古村落、云安湾边村沙滩[165]、郁南兰寨,云浮市
897.19 万（2024年末常住人口）,22100 km²,5995.36 亿元（2024年）,地级市,南宁吴圩国际机场、南宁伶俐通用机场[63],南宁东站、南宁站、南宁西站、吴圩机场站、南宁北站等,亚热带季风气候,青秀山、花花大世界、龙门水都景区、伊岭岩、中山路、大明山、中华茉莉园、九曲湾温泉、美丽南方休闲旅游区等,南宁市
415.35 万[85]（2023年末常住人口）,18596 km²,2950.67 亿元[99]（2024年）,地级市,柳州白莲机场,柳州站、柳州北站、柳州南站,亚热带季风气候,大龙潭风景区、柳侯公园、百里柳江旅游景区、卡乐星球、柳州螺蛳粉博物馆,柳州市
493.84 万[101]（2024年末常住人口）,27800 km²,2517.39 亿元[84]（2024年）,地级市,桂林两江国际机场,桂林站、桂林北站、桂林西站、五通站、永福南站、兴安北站、全州南站、阳朔站、恭城站等,亚热带季风气候,漓江、灵渠、象鼻山、东西巷、靖江王城、桂海晴岚、大圩古镇、李宗仁官邸、桂海碑林博物馆、广西省立艺术馆、芦笛岩、印象·刘三姐、甑皮岩遗址、桂林博物馆、靖江王陵、龙脊梯田、桂林穿山景区、会仙湿地、猫儿山、相公山、桂林融创国际旅游度假区,桂林市
283.3 万[36]（2023年末常住人口）,12588 km²[115],1622.49 亿元[146]（2024年）,地级市[84],梧州西江机场[5],梧州站，梧州南站，藤县站[41][118],亚热带季风气候[59],骑楼城[82]、龙母庙[86]、中山纪念堂[87]、苍海湖旅游区[88]、石表山风景区[89]、李济深故居[90],梧州市
188.84 万（2023年底常住人口）,3337 km²,1888.04 亿元（2024年）,地级市,北海福成机场,北海站、合浦站,亚热带海洋性季风气候,北海银滩、涠洲岛、北海老街、星岛湖旅游区、广西山口红树林生态自然保护区,北海市
105 万[9]（截至2023年9月常住人口）,6242.94 km²[110],1167.55 亿元[163]（2024年）,地级市[118],防城港四和机场（筹建）[114],防城港站、东兴市站、茅岭站等[84][85],南亚热带海洋性季风气候[32],白浪滩、十万大山国家森林公园、北部湾海洋文化公园等[55],防城港市
333.23 万（2024年末常住人口）,10897 km²,1878.96 亿元（2024年）,地级市,,钦州站、钦州东站[2],亚热带向热带过渡性质的海洋季风气候,三娘湾、八寨沟,钦州市
430.88 万（2023年末常住人口）,10602 km²,1565.59 亿元[50]（2024年）,地级市,仍处于前期工作阶段,贵港站,亚热带季风气候,南山寺，平天山，龙凤石林，九凌湖，桂平西山，贵港东湖公园等,贵港市
580.42 万（2024年末常住人口）,12800 km²,2346.78 亿元（2024年）,地级市,玉林福绵机场,玉林站、玉林北站,亚热带季风气候,云天文化城、谢鲁山庄、真武阁、铜石岭风景区等,玉林市
421.88 万[47]（2023年末户籍人口）,36300 km²,2004.73 亿元[57]（2024年）,地级市,百色巴马机场,百色站、百色东站,亚热带季风气候,百色起义纪念公园、澄碧湖,百色市
201.05 万[22]（2023年末常住人口）,11753 km²[26],964.42 亿元[143]（2024年）,地级市[83],,贺州站、富川站、钟山站[51][54],亚热带季风气候[27],姑婆山、十八水原生态景区、大桂山国家森林公园、玉石林景区等[64],贺州市
335.36 万（2023年末常住人口）,33500 km²,1404.15 亿元[79]（2024年）,地级市,河池金城江机场,宜州站、金城江站、河池西站,亚热带季风气候,世界遗产地——环江、宜州下枧河、南丹温泉、六甲小三峡,河池市
205.11 万（2023年末常住人口）,13400 km²[30],1030.42 亿元[76]（2024年）,地级市,,来宾站、来宾北站,亚热带季风气候,莫氏土司衙署，大瑶山国家森林公园,来宾市
249.65 万[69]（2023年末户籍人口）,17300 km²[1],1312.86 亿元[80]（2024年）,地级市,至隆安高速公路建成通车,崇左站、崇左南站、扶绥站、扶绥南站、宁明站、凭祥站等,亚热带季风气候,花山岩画、德天瀑布、友谊关、边关古炮台、石景林,崇左市
303.14 万（2024年末常住人口）,3126.82 km²,2470.63 亿元（2024年）,地级市,海口美兰国际机场,海口站、海口东站,热带季风气候,环球100、火山口公园、冯小刚电影公社、海口骑楼老街、假日海滩,海口市
785001 人（截至2024年末户籍人口）,1921 km²（陆地面积）,1004.70 亿元（2024年）,地级市,三亚凤凰国际机场、三亚天涯直升机场[66],三亚站、亚龙湾站、崖州站、凤凰机场站、天涯海角站、南山北站、红塘湾站、崖州西站、中心渔港站、海棠湾站,热带海洋性季风气候,亚龙湾、三亚湾、天涯海角、南山、大小洞天、大东海、鹿回头、西岛、蜈支洲岛、海棠湾、凤凰岛,三亚市
2200 人（2021年末常住人口）,约 2000000 km²（陆海面积）,,地级市,三沙永兴机场、永暑岛机场、美济岛机场、渚碧岛机场,,热带海洋性季风气候,西沙海洋博物馆、石岛、收复西沙纪念碑,三沙市
101.84 万（2024年常住人口）,3398 km²[16]（陆地面积）,1012.72 亿元（2024年）,地级市[16],儋州西庆通用航空机场、金林儋州和庆通用机场[50],海头站、白马井站、银滩站[46-47],热带湿润季风气候[17],东坡书院[23]、蓝洋温泉[28]、儋阳楼[36],儋州市
3190.47 万[258]（2024年末常住人口）,82402 km²,32193.15 亿元[258]（2024年）,直辖市,重庆江北国际机场、万州五桥机场、黔江武陵山机场、重庆巫山机场、重庆仙女山机场、重庆梁平机场[117],重庆北站、重庆西站、重庆站、沙坪坝站、万州北站、荣昌北站、重庆东站（在建）等,亚热带季风性湿润气候,洪崖洞、大足石刻、武隆喀斯特旅游区、长江三峡、解放碑、朝天门、歌乐山、磁器口古镇、长江索道、金佛山,重庆市
2147.4 万[366]（2024年末常住人口）,14335 km²,23511.3 亿元[353]（2024年）,地级市,成都双流国际机场、成都天府国际机场、成都淮州机场[143],成都站、成都东站、成都南站、成都西站、天府站[225],亚热带季风气候[23],都江堰、青城山、杜甫草堂、武侯祠、金沙遗址、青羊宫、大熊猫繁育研究基地[150]、宽窄巷子[151]、春熙路[152]、安仁古镇[234]、成都远洋太古里、锦里,成都市
241.1 万（2024年末常住人口）,4381 km²,1876.24 亿元（2024年）,地级市,自贡凤鸣通用机场、自贡兰田机场[72],自贡站、富顺站、沿滩站、自贡北站[56],亚热带季风气候,富顺文庙、荣县大佛、自贡恐龙博物馆、中华彩灯大世界、自贡市盐业历史博物馆、崖堑沟瀑布、自贡方特恐龙王国、江姐故里红色教育基地等,自贡市
121.8 万[62]（2023年末常住人口）,7440 km²,1395.24 亿元[74]（2024年）,地级市,攀枝花保安营机场,攀枝花站、米易站、桐子林站、攀枝花南站、米易东站,亚热带季风性湿润气候,攀西大裂谷、格萨拉、二滩、红格温泉、颛顼龙洞、花舞人间、普达,攀枝花市
503.82 万[83]（2022年户籍人口）,12232.34 km²,2836.5 亿元[151]（2024年）,地级市,泸州云龙机场,泸州站、泸州港站、泸州东站,亚热带季风性湿润气候,张坝桂圆林公园、泸州方山旅游区、四川福宝国家森林公园、太平古镇、泸州市凤凰湖旅游景区、蒋兆和故居、泸州老窖旅游区,泸州市
345.3 万（2023年常住人口）,5911 km²,3265.4 亿元[106]（2024年）,地级市,广汉机场，什邡机场（什邡通用机场）[53],德阳站、德阳南站、罗江东站、广汉北站、什邡西站、绵竹南站、三星堆站[54-55],亚热带季风性湿润气候,德阳孔庙、德阳石刻、三星堆、蓥华山、九顶山、落凤坡等,德阳市
491.10 万[218]（2023年常住人口）,20200 km²,4344.0 亿元[232]（2024年）,地级市,绵阳南郊机场,绵阳站、江油站、青莲站、江油北站、安州站,亚热带山地湿润季风气候,越王楼、李白故里、七曲山、报恩寺,绵阳市
224.9 万（2023年末常住人口）,16319 km²,1279.33 亿元[81]（2024年）,地级市,广元盘龙机场,广元站、广元南站、广元西站、广元东站、青川站、剑门关站、姚渡站、羊木站、朝天南站、朝天站,亚热带湿润季风气候,剑门关、昭化古城、青溪古城、千佛崖、明月峡、七里峡、唐家河,广元市
351.06 万[133]（2024年末户籍人口）,5322.25 km²[95],1870.26 亿元[133]（2024年）,地级市,遂宁安居机场,遂宁站、遂宁南站、大英东站、蓬溪站、遂宁西站[3],亚热带湿润季风气候,灵泉寺、广德寺、中国死海、宋瓷博物馆、赤城湖、观音湖生态湿地公园[62],遂宁市
396.70 万[88]（2023年末户籍人口）,5384.8 km²[63],1942.57 亿元[115]（2024年）,地级市,内江机场（筹备建设阶段）,内江站、内江北站、白马北站、内江东站、威远站、资中北站、隆昌北站,亚热带季风性湿润气候,大千园、隆昌石牌坊、资中文庙、威远穹窿地貌景区,内江市
314.7 万（2023年常住人口）,12720.03 km²,2532.5 亿元[114]（2024年）,地级市,乐山机场（在建）,乐山站、沙湾南站、夹江站、峨眉站、峨眉山站、犍为站、金口河南站、峨边南站、乐山港站等,亚热带季风气候,乐山大佛、峨眉山、东风堰、夜游三江、嘉阳桫椤湖景区、黑竹沟、金口河大峡谷、苏稽古镇、郭沫若故居、罗城古镇,乐山市
551.1 万（2023年末常住人口）,12500 km²,2861.68 亿元[87]（2024年）,地级市,南充高坪机场、南充阆中机场,南充站、南充北站、南充东站、南充西站、南充南站、南部站、阆中站、仪陇站、龙桂站,亚热带季风性湿润气候,凌云山、太蓬山、阆中古城、朱德故居、张澜故居、升钟湖、五星花园、嘉陵江、西山,南充市
336.18 万[132]（2024年末户籍总人口）,7140 km²,1890.05 亿元[132]（2024年）,地级市,眉山洪雅通用机场[130]（在建）,眉山站、眉山东站、彭山北站、青神站,亚热带季风性湿润气候,三苏祠、瓦屋山、黑龙滩、彭祖山、柳江古镇,眉山市
462.8 万[111]（2023年末常住人口）,13283 km²,4005.76 亿元[112]（2024年）,地级市,宜宾五粮液机场,南溪站、南溪北站、宜宾站、宜宾西站、宜宾东站、宜宾北站、长宁站、兴文站、屏山站、泥溪站等,亚热带季风性湿润气候,蜀南竹海、石海洞乡、李庄古镇、七洞沟旅游景区,宜宾市
322.7 万（2024年末常住人口）,6339 km²,1615.5 亿元（2024年）,地级市,广安民用机场（拟建）[83],广安站、广安南站、广安东站、岳池站、华蓥站、武胜站、高兴站,亚热带湿润季风气候,邓小平故里、华蓥山、宝箴塞、天意谷,广安市
532.4 万（2023年末常住人口）,16605 km²[67],2801.6 亿元[75]（2024年）,地级市,达州河市机场、达州金垭机场,达州站、达州南站（在建）,亚热带季风气候,真佛山、巴山大峡谷、賨人谷、列宁街、罗家坝遗址、渠县汉阙、仙女山、莲花湖,达州市
143.3 万（2024年末常住人口）,15046 km²,1082.98 亿元（2024年）,地级市,10,雅安站、名山站、汉源站[50],亚热带季风性湿润气候,蒙顶山、碧峰峡、上里古镇、夹金山、二郎山等,雅安市
261.30 万[184]（2024年常住人口）,12292 km²,870.51 亿元[180]（2024年）,地级市,巴中恩阳机场,巴中站、巴中东站、平昌站、巴中西站,亚热带季风性湿润气候,光雾山风景区、诺水河、恩阳古镇、将帅碑林、南龛石窟、川陕革命根据地烈士陵园、川陕革命根据地博物馆、白衣古镇、晏阳初博物馆、驷马水乡、巴灵台、化湖旅游度假区、云顶茶乡、天马山国家森林公园,巴中市
221.8 万（2024年末常住人口）,5747.54 km²,1090.0 亿元（2024年）,地级市,仅18公里,资阳站、资阳北站、资阳西站,亚热带季风性湿润气候,陈毅故里景区、安岳石刻、乐至报国寺,资阳市
82.5 万[95]（截止2023年末）,84242 km²[9],570.11 亿元[132]（2024年）,自治州,九寨沟黄龙机场、阿坝红原机场,镇江关站、松潘站[19][126],亚热带、温带、寒温带、寒带[55],九寨沟[116]、黄龙[116]、四姑娘山[116],阿坝藏族羌族自治州
110.74 万[11]（2024年常住人口）,149700 km²[11]（截至2024年）,580.52 亿元[218]（2024年）,自治州[12],甘孜康定机场、稻城亚丁机场、甘孜格萨尔机场[8],康定站[179]（正在修建）,大陆性高原山地型季风气候[184],海螺沟冰川森林公园[36]、稻城亚丁景区[36]、康定情歌（木格措）风景区[36]、八美墨石公园景区[36]、木雅圣地景区[36],甘孜藏族自治州
490.6 万（2023年常住人口）,约 60400 km²,2474.90 亿元[151]（2024年）,自治州[1],西昌青山机场,西昌站、西昌西站、甘洛站、普雄站等,亚热带季风气候[96],邛海、泸沽湖,凉山彝族自治州
660.25 万（2024年末常住人口）,8043 km²[24],5777.41 亿元（2024年）,地级市[7],贵阳龙洞堡国际机场[102],贵阳站、贵阳北站、贵阳东站，龙洞堡站、贵安站等[15],亚热带湿润气候[120],黔灵山公园[43]、甲秀楼[41]、青岩古镇[39]、红枫湖[37],贵阳市
303.7 万（2024年末常住人口）,约 9914.59 km²,1710.59 亿元（2024年）,地级市,六盘水月照机场、盘州官山机场,六盘水站、六盘水东站、六盘水南站,亚热带湿润季风气候,玉舍国家森林公园、哒啦仙谷、乌蒙山国家地质公园、明湖国家湿地公园,六盘水市
649.45 万（2024年末常住人口）,30762 km²,5027.20 亿元（2024年）,地级市,遵义新舟机场、遵义茅台机场,遵义站、遵义西站、遵义南站,亚热带季风性湿润气候,遵义会议会址、赤水风景名胜区、海龙屯、赤水丹霞,遵义市
245.92 万（2023年底常住人口）,9267 km²,1186.11 亿元[79]（2024年）,地级市,安顺黄果树机场,安顺站、安顺西站、平坝南站、贵安站、关岭站、普定站、黄桶北站[83],亚热带季风气候,黄果树瀑布、龙宫、格凸河,安顺市
673.18 万[83]（截至2023年末常住人口）,26900 km²,2457.59 亿元[111]（2024年）,地级市,毕节飞雄机场,毕节站、织金北站、草海站、大方站、纳雍站、黔西站[3],亚热带季风气候,百里杜鹃、织金洞、草海、韭菜坪、贵州宣慰府,毕节市
321.37 万[61]（2023年常住人口）,18003 km²,1649.81 亿元[76]（2024年）,地级市,铜仁凤凰机场、铜仁德江机场[49],铜仁站、铜仁南站,亚热带季风气候,梵净山、石阡温泉、大明边城、苗王城、九龙洞、周逸群故居等,铜仁市
298.64 万[45]（2023年末常住人口）,16804 km²,1478.86 亿元[53]（2024年）,自治州,兴义万峰林机场,兴义站、兴义威舍站,亚热带季风湿润气候,兴义马岭河峡谷、兴义万峰林、万峰湖、玉皇顶、贵州醇景区等[2],黔西南布依族苗族自治州
375.73 万[20]（2023年常住人口）,30282 km²[6],1432.38 亿元[118]（2024年）,自治州,凯里黄平机场，黎平机场[10],凯里站，施秉站，羊坪站，镇远站，从江站，三穗站，榕江站，凯里南站[10][99],亚热带湿润季风气候[6],施秉云台山景区[36]、云谷田园[44]、凯里市民族文化园[45]、下司古镇[47]、雷公山[48],黔东南苗族侗族自治州
348.96 万（2023年末常住人口）,26200 km²,1947.16 亿元[81]（2024年）,自治州,荔波机场,都匀东站、福泉站、贵定北站、贵定县站、三都县站、独山东站、荔波站等[51],亚热带湿润季风气候,斗篷山、樟江、阳宝山、四季花谷,黔南布依族苗族自治州
868.7 万（2024年常住人口）,21012.54 km²[148],8275.22 亿元（2024年）,地级市[180],昆明长水国际机场[26],昆明站、昆明南站等[23],亚热带高原山地季风气候[148],石林[184]、滇池[184]、翠湖[185]、金殿[184]、官渡古镇[184],昆明市
568.8 万[86]（2023年常住人口）,28900 km²,3677.22 亿元[111]（2024年）,地级市,宣威永安机场,曲靖站、曲靖北站,亚热带季风气候,九龙瀑布、罗平油菜花、陆良彩色沙林、珠江源等,曲靖市
226.6 万（2024年常住人口）,15000 km²,2582.05 亿元（2024年）,地级市,,玉溪站,中亚热带湿润冷冬高原季风气候,哀牢山，抚仙湖，寒武纪古生物化石群等,玉溪市
240.7 万[12-13]（2023年末常住人口）,19637 km²[17],1281.91 亿元[127]（2024年）,地级市[17],保山云瑞机场、腾冲驼峰机场[31],保山站、保山北站[104],亚热带季风气候[20],太保山[54]、高黎贡山[55]、火山热海[50]、和顺古镇[47]、青华海国家湿地公园[48],保山市
485.4 万[29]（2023年末常住人口）,23000 km²[28],2016.91 亿元[178]（2024年）,地级市[30],昭通机场[51],昭通站、盐津南站、昭通东站等[4][132],亚热带、暖温带共存的高原季风立体气候[28],昭通水富西部大峡谷景区、大龙洞景区等[12],昭通市
125 万[220]（2024年）,20600 km²,710.03 亿元[213]（2024年）,地级市[21],丽江三义国际机场、宁蒗泸沽湖机场[27],丽江站、拉市海站[89],半湿润低纬高原山地季风气候[30],玉龙雪山、丽江古城、老君山、泸沽湖等[22],丽江市
233.7 万[60]（2024年末常住人口）,约 45000 km²,1188.93 亿元[57]（2024年）,地级市,普洱思茅机场、澜沧景迈机场,普洱站、宁洱站、墨江站,亚热带季风气候,,普洱市
220.2 万[28]（2023年末常住人口）,23620.89 km²[11],1150.19 亿元[237]（2024年）,地级市[11],临沧博尚机场、沧源佤山机场[171],临沧站[34],低纬高原山地季风气候[12],澜沧江百里长湖[170]、鲁史古镇[33]、翁丁佤族古村落[114],临沧市
234.2 万（2023年末常住人口）,28438.41 km²,2018.95 亿元[35]（2024年）,自治州,,楚雄站,北亚热带季风气候区,元谋土林、元谋人遗址、楚雄禄丰恐龙博物馆,楚雄彝族自治州
436.3 万（2023年常住人口）,32931 km²,2985.49 亿元[47]（2024年）,自治州,红河蒙自机场（在建）、弥勒东风机场,红河站、蒙自北站、弥勒站、竹园站、朋普站、开远南站[15],亚热带季风气候,泸西阿庐古洞、建水孔庙、元阳哈尼梯田等,红河哈尼族彝族自治州
339.7 万（2023年末常住人口）,31456 km²,1549.11 亿元[36]（2024年）,自治州,文山普者黑机场,普者黑站、广南县站、富宁站,亚热带气候,砚山浴仙湖，盘龙公园，广南八宝景区，柳井溶洞群等,文山壮族苗族自治州
133.30 万[29]（截至2023年末常住人口）,19096 km²[34]（2024年8月）,901.80 亿元[109]（2024年）,自治州、地级行政区[34],西双版纳嘎洒国际机场[2],西双版纳站[8],北热带和南亚热带湿润季风气候[112],中国科学院西双版纳热带植物园[17]、西双版纳原始森林公园[18]、望天树景区[16],西双版纳傣族自治州
334.2 万（2023年末常住人口）,29459 km²,2010.9 亿元[78]（2024年）,自治州[1],大理荒草坝机场、丽江三义国际机场,大理站,低纬度高原季风气候,洱海、蝴蝶泉、苍山、天龙八部影视城、大理古城、崇圣寺三塔、南诏风情岛,大理白族自治州
133.70 万[44]（2023年常住人口）,11526 km²,620.12 亿元[49]（2024年）,自治州,德宏芒市国际机场、陇川广宋机场,芒市站、瑞丽站,南亚热带季风气候,勐巴娜西珍奇园、三仙洞,德宏傣族景颇族自治州
53.5 万（2023年底常住人口）,14703 km²,278.89 亿元[39]（2024年）,自治州,兰坪通用机场,,亚热带山地季风气候,怒江大峡谷、独龙江、贡山原始森林,怒江傈僳族自治州
39.5 万（2024年末常住人口）,23185.67 km²,307.01 亿元（2024年）,自治州,迪庆香格里拉机场,香格里拉站,温带和寒温带季风气候（河谷属北亚热带季风气候）,虎跳峡、白水台、普达措国家公园,迪庆藏族自治州
58.12 万[67]（2022年户籍人口）,29640 km²[55],990.04 亿元[75]（2024年）,地级市,拉萨贡嘎国际机场,拉萨站,高原山地气候,布达拉宫、罗布林卡、大昭寺、小昭寺、哲蚌寺、色拉寺、八廓街,拉萨市
79.95 万（2023年常住人口）,179240 km²[23],464.3 亿元[47]（2024年）,地级市,日喀则和平机场、日喀则定日机场、亚东机场,日喀则站,高原山地气候,珠穆朗玛峰、扎什伦布寺、桑珠孜宗堡、白居寺、萨迦寺,日喀则市
759312 人（2022年总人口）,109830 km²[13],386.01 亿元[49]（2024年）,地级市,昌都邦达机场,昌都站,温带季风气候,卡若遗址、强巴林寺等文化遗址,昌都市
23.89 万（2023年）,114870 km²,235.66 亿元（2023年）,地级市,林芝米林机场,林芝站,海洋性季风气候[12],太昭古城、拉多藏湖、古秀寺、苯日神山、雅鲁藏布大峡谷、南迦巴瓦峰、巴松措,林芝市
35.37万 人[84]（截至2023年末）,79090 km²,273.01 亿元[67]（截至2023年）,地级市,拉萨贡嘎国际机场、山南隆子机场,山南站,高原温带半干旱季风气候,桑耶寺、雍布拉康、羊卓雍湖、雅砻风景名胜区,山南市
50.48 万（截至2020年11月）,353000 km²[15],193.2 亿元[16]（2022年）,地级市,（在建）,那曲站,高原山地气候,唐古拉山口、色林错、当惹雍错,那曲市
12.3 万（截至2022年末）,337170 km²[11],68.6 亿元（2020年）,地区,阿里昆莎机场、阿里普兰机场,,高原山地气候,冈仁波齐、古格王国遗址、托林寺、札达土林,阿里地区
1316.76 万[245]（2024年末常住人口）,10108 km²[219],13317.78 亿元[240]（2024年）,地级市[49],西安咸阳国际机场[98],西安站、西安北站、西安东站、引镇站、西安西站、临潼站、阎良站、鄠邑站、户县站等[94],暖温带半湿润大陆性季风气候[20],秦始皇兵马俑博物馆[142]、华清宫[142]、西安大雁塔[142]、小雁塔[142]、西安秦岭野生动物园[142]、大明宫国家遗址[142],西安市
70.5 万[41],3882 km²,588.82 亿元[62]（2024年）,地级市,,铜川站、铜川北站、铜川东站、宜君站,温带大陆性季风气候,大香山寺、药王山、照金香山、唐玉华宫遗址,铜川市
325.74 万（2023年）,18117 km²,2743.10 亿元（2022年）,地级市,宝鸡凤翔机场,宝鸡站、宝鸡南站、宝鸡东站、虢镇站等,暖温带季风性气候,法门寺、太白山国家森林公园、关山草原、红河谷、炎帝陵、九成宫、青铜器博物馆、千湖国家湿地公园、龙门洞、青峰峡、通天河森林公园、大散关、黄柏塬、嘉陵江源头、钓鱼台,宝鸡市
408.06 万[252]（2024年末常住人口）,10191.5 km²[1],3001.27 亿元[249]（2024年）,地级市[18],西安咸阳国际机场[22],咸阳站、咸阳西站、咸阳北站等[23],大陆性季风气候[2],乾陵博物馆、马栏革命旧址、大佛寺石窟博物馆[21]、咸阳博物院、咸阳古渡遗址博物馆,咸阳市
460.4 万[45]（2023年常住人口）,13030.56 km²,2157.73 亿元[47]（2024年）,地级市,渭南华山机场、蒲城内府通用机场,渭南站、渭南北站、渭南西站、华州站等[43],温带季风气候,西岳华山、蒲城桥陵、合阳洽川、富平陶艺村、韩城党家村等,渭南市
224.79 万（2024年末常住人口）,37000 km²（3.7万平方公里）,2383.36 亿元（2024年）,地级市,延安南泥湾机场,延安站、延安东站、延安北站、延安南站,高原大陆性季风气候,延安革命纪念馆、清凉山景区、乾坤湾、甘泉雨岔大峡谷、黄河壶口瀑布旅游区（陕西侧）、黄帝陵,延安市
378.98 万[4]（2022年末户籍总人口）,27097 km²[3],934.94 亿元[146]（2023年上半）,地级市[141],汉中城固机场[103],汉中站、城固站、勉县站、宁强南站、略阳站等[157-158],北亚热带气候[142],午子山景区[3]、华阳景区[3]、黎坪景区[3]、石门栈道景区[3]、龙头山景区[3]、武侯墓[3],汉中市
360.73 万（2023年末全市常住人口）,42920.2 km²,7548.68 亿元[114]（2024年）,地级市,榆林榆阳机场、靖边海则滩机场等,榆林站、神木站、绥德站、米脂站等,暖温带至中温带半干旱大陆性季风气候[95],石峁遗址、统万城遗址、长城、黄河等,榆林市
245.72 万[122]（2023年末常住人口）,23529 km²[6],1268.65 亿元[4]（2022年）,地级市,安康富强机场[7],安康站、安康西站等[81-82],亚热带大陆性季风气候[1],瀛湖风景区、中坝大峡谷、南宫山等16家4A级景区[51],安康市
201.25 万[105]（2023年常住人口）,19292 km²[15],902.56 亿元[7]（2022年）,地级市[79],丹凤通用机场[40],商洛站、镇安站、丹凤站、商南站、柞水站、砚川站、商洛北站[41],北部气候属暖温带，南部气候属亚热带[17],,商洛市
443.65 万[244]（2024年末常住人口）,13085.6 km²,3742.3 亿元[244]（2024年）,地级市[187],兰州中川国际机场[164],兰州西站、兰州站、兰州北站、兰州东站、兰州新区站、中川机场站、皋兰站、西固站、秦王川站等[173],温带半干旱气候[36],黄河铁桥[31]、白塔山[31]、兰州水墨丹霞旅游景区[112]、兴隆山[117]、五泉山[31]、青城古镇[31]、金天观[31],兰州市
31.51 万（2024年末常住人口）,1224 km²,370.7 亿元（2024年）,地级市,嘉峪关酒泉机场,嘉峪关站、嘉峪关南站,温带大陆性（荒漠）气候,嘉峪关东湖，七一冰川，西部明珠气象塔，讨赖河生态湿地等,嘉峪关市
43.44 万（2022年常住人口）,9600 km²,620.06 亿元[52]（2024年）,地级市,金昌金川机场,金昌南站、金昌站、朱王堡站[59],温带大陆性气候,骊靬古城、巴丹吉林沙漠,金昌市
148.01 万（2024年末常住人口）,20100 km²,742.87 亿元（2024年）,地级市,白银通用机场,白银西站、白银市站、白银南站,温带大陆性气候,黄河石林，红军会宁会师旧址,白银市
289.18 万[103]（2024年末常住人口）,14300 km²[1],952.25 亿元[103]（2024年）,地级市,天水麦积山机场、天水中梁机场（建设中）[41],天水站、天水南站,大陆性暖温带半湿润气候[46],麦积山石窟[1]、伏羲庙[1]、南郭寺[1]、大地湾遗址[12]、水帘洞[1]、天水古城[12]、玉泉观[1],天水市
142.73 万[105]（2024年末常住人口）,32351.69 km²,750.02 亿元[116]（2024年）,地级市,航校军用机场、武威天马机场（在建）、民勤通用机场（在建）,武威站、武威南站、武威东站等,温带大陆性气候,白塔寺、天梯山石窟、雷台汉墓、武威文庙、天堂寺,武威市
109.99 万[118][162]（2024年末常住人口）,38600 km²[1],680.88 亿元[160]（2024年）,地级市[24],张掖甘州机场、张掖丹霞通用机场[5][21],张掖站、张掖西站、临泽站等[72][92-93],温带大陆性气候[25],七彩丹霞景区[30]、张掖大佛寺[31]、张掖国家湿地公园[35],张掖市
177.27 万（2024年末常住人口）,11000 km²,722.77 亿元（2024年）,地级市,平凉崆峒山机场,平凉站，平凉南站,半干旱、半湿润的大陆性气候,崆峒山、王母宫、龙泉寺、古灵台,平凉市
104.09万 人[181]（2024年常住人口）,192000 km²[12],1041.7 亿元[180]（2024年）,地级市,嘉峪关酒泉机场（两市共建）、敦煌莫高国际机场[136][138],酒泉站、酒泉南站、敦煌站等[72],冷温带干旱气候[32],莫高窟[65]、敦煌雅丹国家地质公园[65]、鸣沙山月牙泉景区[65],酒泉市
212.54 万（2024年末常住人口）,27119 km²,1213.22 亿元（2024年）,地级市,庆阳机场,长庆桥站、宁县南站、庆阳站等,温带季风气候,周祖遗陵、北石窟寺、夏家沟森林公园,庆阳市
247.4 万[96]（2024年末常住人口）,19600 km²,600.1 亿元[49]（2023年）,地级市,正在谋划实施,定西北站、陇西站、定西站、通渭站,大陆性季风气候,秦长城、仁寿山、李家龙宫遗址、贵清山森林公园、灞陵桥公园,定西市
232.96 万[174]（2024年末常住人口）,27923 km²[16],666.7 亿元[174]（2024年）,地级市[20],陇南成县机场[20],陇南站、哈达铺站、徽县站、两当站等[20][101],亚热带大陆性季风气候[38],官鹅沟[49]、万象洞[20]、晚霞湖[102],陇南市
209.93 万[33]（2024年末常住人口）,8169 km²,506.0 亿元[32]（2024年）,自治州,项目是列入《,,大部分属温带半干旱气候,和政太子山、黄河三峡姊妹峰等,临夏回族自治州
66.54 万[32-33]（ 2024年末常住人口）,38521 km²,256.33 亿元[46]（2024年）,自治州,甘南夏河机场,,高原性气候,,甘南藏族自治州
247.69 万[97]（2024年末常住人口）,7660 km²,1862.1 亿元[95]（2024年）,地级市,西宁曹家堡国际机场,西宁站、西宁西站,高原大陆性气候,青唐城遗址、塔尔寺、南禅寺,西宁市
132.86 万[37]（2024年末常住人口）,13200 km²,605.46 亿元[37]（2024年）,地级市,西宁曹家堡国际机场,海东站、海东西站、乐都站、平安驿站,高原大陆性气候,互助北山国家森林公园、孟达天池、峡群寺,海东市
26.1 万[36]（2024年末常住人口）,34068.44 km²,115.87 亿元[36]（2024年）,自治州,,,高原大陆性气候[5],青海湖、鸟岛，沙岛、祁连山等[39],海北藏族自治州
28.22 万（2024年末常住人口）,18200 km²,110.89 亿元（2022年）,自治州[2],黄南机场,,高原大陆性气候,坎布拉国家地质公园、李家峡水库、国家级唐卡风景区,黄南藏族自治州
45.11 万[30]（2024年末常住人口）,44500 km²,234.65 亿元[29]（2024年）,自治州[1],共和青海湖机场,,高原大陆性气候,青海湖、龙羊峽水库、贵德古城,海南藏族自治州
22.28 万（2024年末常住人口）,76442 km²[20],671966.74 万元（2023年）,自治州[1],果洛玛沁机场、久治机场,,高原大陆性气候,年保玉则景区、阿尼玛卿雪山,果洛藏族自治州
43.43 万（截至2024年末常住人口）,267000 km²,79.13 亿元（2023年）,自治州[1],玉树巴塘机场,玉树站,大陆性高原气候,文成公主庙、隆宝滩自然保护区、勒巴沟,玉树藏族自治州
47.31 万（2024年末常住人口）,325800 km²,847.88 亿元[63]（2024年）,自治州,德令哈机场、格尔木机场、花土沟机场,德令哈站、格尔木站、茫崖站[33],高原大陆性气候,长江源、昆仑山、天峻山、大柴旦温泉等,海西蒙古族藏族自治州
291.47 万[138]（2024年末常住人口）,9025.38 km²[2],2939.53 亿元[138]（2024年）,地级市[2],银川河东国际机场[37],银川站、银川东站[99-100],中温带大陆性气候[53],西夏风情园[85]、水洞沟[87]、西夏王陵[82],银川市
73.94 万（2024年常住人口）,5310 km²,565.53 亿元（2024年）,地级市,100千米,石嘴山站、石嘴山南站、惠农站,温带大陆性气候,沙湖、中华奇石山、北武当庙,石嘴山市
140.27 万[39]（2023年末常住人口）,21400 km²,933.7 亿元[52]（2024年）,地级市,银川河东国际机场,吴忠站、青铜峡站,温带大陆性气候,青铜峡黄河大峡谷、黄河坛、黄河楼、董府、牛家坊民俗文化旅游区、宁夏移民博物馆、盐池哈巴湖旅游区、盐州古城历史文化旅游区、盐池革命历史纪念园、同心红军西征纪念园,吴忠市
114.77 万[89]（2023年末常住人口）,10500 km²,463.73 亿元[117]（2024年）,地级市,固原六盘山机场,固原站,温带大陆性气候,须弥山、火石寨地质公园等,固原市
108.06 万（2023年常住人口）,17391.3 km²,600.25 亿元[87]（2024年）,地级市,中卫沙坡头机场,中卫站、中卫南站、中宁站,温带大陆性季风气候,宁夏沙坡头国家级自然保护区、金沙岛、中卫高庙、寺口子、通湖草原,中卫市
412.84 万[219]（2024年末常住人口）,13800 km²[90],4502.16 亿元[214]（2024年）,地级市[49],乌鲁木齐天山国际机场[54],乌鲁木齐站、乌鲁木齐南站、乌东站、乌西站、乌北站[10],中温带大陆干旱气候[71],天山大峡谷景区[120]、丝绸之路国际度假区[120]、新疆国际大巴扎[120]、新疆天山野生动物园[120],乌鲁木齐市
48.9 万[21]（2023年末常住人口）,约 7333.58 km²[22],1327.0 亿元[99]（2024年）,地级市,克拉玛依古海机场[14],克拉玛依站[56],温带大陆性气候[60],黑油山[39]、世界魔鬼城[38]、独山子大峡谷[40],克拉玛依市
69.82 万（2024年末常住人口）,69713 km²,640.42 亿元（2024年）,地级市,吐鲁番交河机场,吐鲁番站、吐鲁番北站,温带大陆性气候,高昌故城、交河故城、火焰山、葡萄沟等,吐鲁番市
68 万[34]（2023年常住人口）,142100 km²,1084.39 亿元[33]（2024年）,地级市,哈密伊州机场、巴里坤大河机场,哈密站,温带大陆性干旱气候,大海道、巴里坤草原、伊吾胡杨林,哈密市
1613585,73500 km²,2509.23 亿元[40]（2024年）,自治州,准东奇台机场,昌吉站,温带大陆性气候,硫磺沟矿气泉、杜氏景区、晋昌公园、昌吉古城等,昌吉回族自治州
488198人（第七次人口普查）,27200 km²,540.23 亿元[29]（2024年）,自治州,博乐阿拉山口机场,博尔塔拉站、博乐站、阿拉山口站、精河站,温带大陆性气候,赛里木湖，艾比湖，哈日图热格风景区等,博尔塔拉蒙古自治州
149.98 万（2023年常住人口）,471500 km²[20],1692.45 亿元[34]（2024年）,自治州,库尔勒机场、若羌楼兰机场、且末玉都机场、轮台塔中机场、和静巴音布鲁克机场,库尔勒站、若羌站、和硕站、焉耆站,温带大陆性气候,巴音布鲁克草原、博斯腾湖、楼兰古城、罗布泊等,巴音郭楞蒙古自治州
271.44 万[20],132500 km²,1953.98 亿元[32]（2024年）,地区,阿克苏红旗坡机场、库车龟兹机场,阿克苏站,温带大陆性气候,温宿天山托木尔峰、塔里木河、塔克拉玛干大沙漠、库车大寺,阿克苏地区
63.21 万[28]（2022年）,72500 km²,256.66 亿元[36]（2024年）,自治州,,阿图什站,温带大陆性气候,玉其塔什草原风景区、阿克陶五彩山景区等,克孜勒苏柯尔克孜自治州
450.69 万[29],162000 km²,1626.88 亿元[38]（2024年）,地区,喀什徕宁国际机场、莎车叶尔羌机场、塔什库尔干帕米尔机场,喀什站、莎车站、巴楚站、叶城站、英吉沙站、泽普站、疏勒站,温带大陆性气候,帕米尔高原，香妃墓，喀什大巴扎，艾提尕尔清真寺，石头城,喀什地区
2504718 人（2020年11月1日零时常住人口）,248100 km²,525.91 亿元（2023年）,地区,和田昆冈机场、于田万方机场,和田站、于田站、墨玉站、皮山站、洛浦站、策勒站、民丰站,温带大陆性气候,昆仑湖公园、丝绸之路南道、和田市街心公园、金和游乐园等,和田地区
284.84 万[9]（2024年1月）,267353 km²[11]（全州）,3270.38 亿元[173]（2024年）,自治州（副省级）[9-10],伊宁机场、新源那拉提机场、昭苏天马机场[20-22],伊宁站、霍尔果斯站、伊宁东站等[23],寒温带半干旱的大陆性气候[168],那拉提景区、喀拉峻景区、[16-17]、伊犁河风景区、天山花海景区等[18-19],伊犁哈萨克自治州
109.65 万（2023年末常住人口）,105400 km²,998.72 亿元[23]（2024年）,地区,塔城机场,塔城站,温带大陆性气候,巴尔鲁克山景区、乌苏佛山景区,塔城地区
668587 人（截至2024年2月）,118000 km²,464.98 亿元[44]（2024年）,地区,阿勒泰雪都机场、布尔津喀纳斯机场富蕴可可托海机场,阿勒泰站[36],温带大陆性气候,阿尔泰山、萨吾尔山、喀纳斯湖,阿勒泰地区
